month,collapse__employment_rate,collapse__human_zone,collapse__gini,collapse__gini_employed,collapse__top10_share,tug__employment_rate,tug__human_zone,tug__gini,tug__gini_employed,tug__top10_share,realloc__employment_rate,realloc__human_zone,realloc__gini,realloc__gini_employed,realloc__top10_share
0,0.84,0.8,0.509876,0.416519,0.293048,0.84,0.8,0.509876,0.416519,0.293048,0.84,0.8,0.509876,0.416519,0.293048
1,0.8295,0.798,0.517343,0.418135,0.297751,0.8415,0.799,0.509297,0.416872,0.291297,0.846,0.8,0.505982,0.416054,0.288484
2,0.8165,0.796,0.518692,0.410523,0.299654,0.845,0.798,0.499909,0.408176,0.285692,0.8595,0.8,0.489842,0.406448,0.278897
3,0.829,0.794,0.50941,0.408215,0.29511,0.866,0.797,0.483943,0.404092,0.276061,0.8835,0.8,0.472929,0.403428,0.268169
4,0.8215,0.792,0.51797,0.413232,0.300465,0.87,0.796,0.485435,0.408546,0.275559,0.903,0.8,0.463509,0.405879,0.262345
5,0.8015,0.79,0.527472,0.410446,0.306338,0.866,0.795,0.482276,0.402167,0.27285,0.8985,0.8,0.462115,0.401352,0.259551
6,0.7875,0.788,0.535399,0.41003,0.309788,0.863,0.794,0.481772,0.399504,0.269875,0.906,0.8,0.452261,0.395431,0.252422
7,0.796,0.786,0.527593,0.406524,0.307272,0.8955,0.793,0.458819,0.395666,0.260529,0.949,0.8,0.423947,0.392989,0.241653
8,0.805,0.784,0.525277,0.410282,0.306579,0.906,0.792,0.454392,0.397783,0.257245,0.961,0.8,0.413951,0.390167,0.236325
9,0.786,0.782,0.529236,0.401064,0.309721,0.8885,0.791,0.457589,0.389521,0.255948,0.9555,0.8,0.411304,0.383887,0.231823
10,0.802,0.78,0.524062,0.406561,0.309072,0.938,0.79,0.43135,0.393763,0.247059,0.9645,0.8,0.395623,0.373377,0.226873
11,0.765,0.778,0.538987,0.397368,0.315532,0.9055,0.789,0.439786,0.381321,0.247038,0.967,0.8,0.385683,0.364718,0.223035
12,0.774,0.776,0.53015,0.392959,0.310568,0.922,0.788,0.426477,0.377957,0.241123,0.968,0.8,0.375438,0.354792,0.217916
13,0.7575,0.774,0.53492,0.386033,0.314178,0.9385,0.787,0.402834,0.363702,0.232044,0.9695,0.8,0.35875,0.338576,0.210756
14,0.755,0.772,0.542965,0.394655,0.31938,0.9335,0.786,0.418481,0.377055,0.235242,0.9695,0.8,0.384515,0.365152,0.219418
15,0.7305,0.77,0.553995,0.389452,0.323039,0.9405,0.785,0.400971,0.363074,0.227758,0.9705,0.8,0.378076,0.359171,0.219737
16,0.7405,0.768,0.544928,0.385452,0.320861,0.933,0.784,0.408235,0.36574,0.230307,0.9715,0.8,0.379269,0.36106,0.219849
17,0.728,0.766,0.550712,0.382846,0.323109,0.9315,0.783,0.404681,0.360903,0.22757,0.9715,0.8,0.368052,0.349513,0.213538
18,0.74,0.764,0.544989,0.38512,0.322828,0.9415,0.782,0.397082,0.35962,0.225463,0.972,0.8,0.374011,0.355979,0.217143
19,0.732,0.762,0.5497,0.384836,0.324667,0.943,0.781,0.386483,0.349399,0.220421,0.972,0.8,0.379338,0.361459,0.219061
20,0.7395,0.76,0.543861,0.38318,0.323175,0.943,0.78,0.376771,0.3391,0.217319,0.972,0.8,0.369344,0.351177,0.216066
21,0.693,0.758,0.567217,0.375493,0.333446,0.943,0.779,0.372014,0.334055,0.214763,0.972,0.8,0.365335,0.347052,0.213646
22,0.697,0.756,0.564952,0.375827,0.333061,0.943,0.778,0.367318,0.329076,0.209889,0.9725,0.8,0.349418,0.331021,0.204495
23,0.6885,0.754,0.567045,0.371162,0.334305,0.9435,0.777,0.362371,0.324188,0.210969,0.9725,0.8,0.35501,0.336772,0.209751
24,0.69,0.752,0.562833,0.366424,0.333219,0.9435,0.776,0.379814,0.342675,0.218889,0.973,0.8,0.373481,0.356095,0.217815
25,0.6815,0.75,0.568369,0.366646,0.335155,0.9435,0.775,0.373778,0.336278,0.216073,0.973,0.8,0.366659,0.349084,0.214876
26,0.679,0.748,0.569258,0.365623,0.337801,0.9435,0.774,0.368437,0.330617,0.213624,0.973,0.8,0.361369,0.343648,0.212445
27,0.696,0.746,0.557572,0.364328,0.332024,0.9435,0.773,0.362736,0.324574,0.211075,0.973,0.8,0.354644,0.336736,0.209738
28,0.682,0.744,0.563611,0.360133,0.335101,0.9435,0.772,0.367359,0.329474,0.216451,0.973,0.8,0.359681,0.341913,0.215154
29,0.6635,0.742,0.574069,0.358055,0.340599,0.9435,0.771,0.367829,0.329972,0.21483,0.973,0.8,0.360369,0.34262,0.213578
30,0.6485,0.74,0.580588,0.353258,0.343499,0.9435,0.77,0.365167,0.327151,0.213785,0.973,0.8,0.358031,0.340216,0.212591
31,0.6785,0.738,0.565578,0.359732,0.338771,0.9435,0.769,0.358446,0.320028,0.21007,0.973,0.8,0.350078,0.332043,0.20869
32,0.6355,0.736,0.585972,0.348501,0.34728,0.9435,0.768,0.355235,0.316625,0.208192,0.973,0.8,0.347352,0.329242,0.206899
33,0.627,0.734,0.592143,0.349511,0.351283,0.9435,0.767,0.361843,0.323628,0.211102,0.973,0.8,0.353911,0.335983,0.209786
34,0.605,0.732,0.604187,0.345763,0.357528,0.9435,0.766,0.356198,0.317645,0.207915,0.973,0.8,0.348339,0.330256,0.206626
35,0.616,0.73,0.595498,0.34334,0.353785,0.937,0.765,0.363999,0.321236,0.210207,0.973,0.8,0.354547,0.336636,0.208641
36,0.618,0.728,0.593283,0.341881,0.353343,0.9435,0.764,0.348383,0.309361,0.204147,0.973,0.8,0.340147,0.321837,0.202816
37,0.6015,0.726,0.602383,0.338958,0.357391,0.9435,0.763,0.353566,0.314855,0.206376,0.973,0.8,0.345621,0.327463,0.205078
38,0.6025,0.724,0.598474,0.333567,0.356843,0.9435,0.762,0.352518,0.313744,0.210656,0.973,0.8,0.343789,0.32558,0.209201
39,0.5945,0.722,0.605951,0.337176,0.361165,0.9435,0.761,0.341653,0.302229,0.204488,0.973,0.8,0.332824,0.31431,0.203051
40,0.5795,0.72,0.614383,0.334569,0.366943,0.9435,0.76,0.34577,0.306593,0.201675,0.973,0.8,0.337397,0.31901,0.200333
41,0.5825,0.718,0.611116,0.332387,0.364674,0.9435,0.759,0.346525,0.307393,0.206093,0.973,0.8,0.337667,0.319288,0.204641
42,0.598,0.716,0.602431,0.335169,0.361307,0.9435,0.758,0.340999,0.301536,0.201721,0.973,0.8,0.331828,0.313287,0.200248
43,0.589,0.714,0.606185,0.331383,0.363463,0.9435,0.757,0.341285,0.301839,0.200981,0.973,0.8,0.332184,0.313652,0.199525
44,0.5415,0.712,0.632567,0.321453,0.377769,0.938,0.756,0.344875,0.301572,0.202003,0.973,0.8,0.334371,0.3159,0.200304
45,0.554,0.71,0.627649,0.327886,0.376365,0.9435,0.755,0.34652,0.307387,0.204708,0.973,0.8,0.33768,0.319301,0.203271
46,0.5545,0.708,0.625124,0.323939,0.375123,0.938,0.754,0.348638,0.305585,0.205184,0.973,0.8,0.337668,0.319289,0.203388
47,0.5535,0.706,0.624121,0.320905,0.373417,0.9405,0.753,0.34776,0.306496,0.204113,0.973,0.8,0.337357,0.318969,0.202423
48,0.54,0.704,0.633943,0.322117,0.380758,0.939,0.752,0.351813,0.309705,0.207228,0.973,0.8,0.340705,0.32241,0.205398
49,0.5375,0.702,0.632599,0.316463,0.379362,0.933,0.751,0.350019,0.303343,0.206136,0.973,0.8,0.337684,0.319305,0.204103
50,0.517,0.7,0.644354,0.312097,0.387363,0.9425,0.75,0.334505,0.293905,0.197346,0.973,0.8,0.324498,0.305753,0.195759
51,0.52,0.698,0.64431,0.315982,0.387926,0.923,0.749,0.354821,0.300997,0.207261,0.973,0.8,0.338281,0.319918,0.204504
52,0.523,0.696,0.639969,0.311605,0.385396,0.918,0.748,0.359064,0.301812,0.20851,0.973,0.8,0.340953,0.322665,0.205468
53,0.505,0.694,0.650421,0.307765,0.391789,0.927,0.747,0.345928,0.29442,0.205654,0.973,0.8,0.331154,0.312594,0.203207
54,0.5055,0.692,0.650274,0.308158,0.392704,0.929,0.746,0.340176,0.289748,0.201286,0.973,0.8,0.326072,0.307371,0.19899
55,0.503,0.69,0.651698,0.30755,0.393143,0.92,0.745,0.353201,0.296958,0.207925,0.973,0.8,0.335111,0.316661,0.204887
56,0.488,0.688,0.660378,0.304053,0.400428,0.9365,0.744,0.331189,0.28584,0.197697,0.973,0.8,0.318659,0.299752,0.195692
57,0.484,0.686,0.661215,0.30003,0.400197,0.9295,0.743,0.339991,0.289931,0.201878,0.973,0.8,0.325011,0.306281,0.19943
58,0.478,0.684,0.665695,0.300616,0.404048,0.935,0.742,0.331201,0.284707,0.195802,0.973,0.8,0.317768,0.298837,0.193669
59,0.464,0.682,0.672167,0.293464,0.408343,0.9225,0.741,0.345636,0.290662,0.203592,0.973,0.8,0.327865,0.309213,0.200661
60,0.445,0.68,0.685668,0.293635,0.419303,0.927,0.74,0.332759,0.280214,0.197346,0.973,0.8,0.316857,0.2979,0.19479
61,0.4625,0.678,0.674528,0.296277,0.411468,0.928,0.739,0.337407,0.285999,0.197994,0.973,0.8,0.32165,0.302826,0.195465
62,0.453,0.676,0.680864,0.295505,0.416271,0.939,0.738,0.326247,0.282478,0.195676,0.973,0.8,0.313656,0.294611,0.19368
63,0.444,0.674,0.684773,0.290029,0.419132,0.929,0.737,0.332254,0.28122,0.198092,0.973,0.8,0.316533,0.297567,0.195558
64,0.4415,0.672,0.686836,0.290681,0.421605,0.9315,0.736,0.332178,0.283068,0.198353,0.973,0.8,0.317046,0.298095,0.195918
65,0.4325,0.67,0.691954,0.287755,0.426345,0.891,0.735,0.365342,0.287701,0.207709,0.973,0.8,0.336612,0.318203,0.202821
66,0.4195,0.668,0.699271,0.283125,0.431631,0.9025,0.734,0.345893,0.275228,0.201648,0.973,0.8,0.321417,0.302587,0.19758
67,0.419,0.666,0.699662,0.283203,0.432612,0.899,0.733,0.34854,0.27535,0.201916,0.973,0.8,0.322602,0.303805,0.197596
68,0.404,0.664,0.709464,0.280852,0.441661,0.9115,0.732,0.336804,0.272413,0.196805,0.973,0.8,0.314938,0.295928,0.193262
69,0.4145,0.662,0.702419,0.282072,0.435605,0.929,0.731,0.322558,0.270783,0.194575,0.973,0.8,0.306,0.286742,0.191933
70,0.405,0.66,0.70766,0.278172,0.439709,0.909,0.73,0.337567,0.271251,0.197813,0.973,0.8,0.314222,0.295192,0.194011
71,0.396,0.658,0.71374,0.277121,0.44629,0.9435,0.729,0.308231,0.266805,0.192057,0.973,0.8,0.29627,0.276742,0.190173
72,0.388,0.656,0.71788,0.272888,0.449822,0.8975,0.728,0.345204,0.270422,0.199619,0.973,0.8,0.31843,0.299517,0.195197
73,0.384,0.654,0.720503,0.272144,0.452445,0.9135,0.727,0.334401,0.271375,0.19516,0.973,0.8,0.311591,0.292488,0.191496
74,0.3745,0.652,0.726288,0.269126,0.458552,0.902,0.726,0.337976,0.266048,0.198288,0.973,0.8,0.310542,0.29141,0.193781
75,0.3715,0.65,0.72835,0.268774,0.46084,0.922,0.725,0.320903,0.263453,0.193257,0.973,0.8,0.301132,0.281739,0.190102
76,0.366,0.648,0.731567,0.266576,0.464531,0.8945,0.724,0.341097,0.263384,0.199108,0.973,0.8,0.311232,0.292119,0.194161
77,0.369,0.646,0.729995,0.26828,0.462874,0.912,0.723,0.32572,0.260657,0.195963,0.973,0.8,0.301119,0.281725,0.19196
78,0.36,0.644,0.735961,0.266557,0.469853,0.8965,0.722,0.340493,0.264353,0.19774,0.973,0.8,0.311069,0.291952,0.192902
79,0.353,0.642,0.739692,0.262584,0.473698,0.896,0.721,0.336901,0.259934,0.1937,0.973,0.8,0.30754,0.288325,0.188953
80,0.35,0.64,0.741837,0.26239,0.476265,0.91,0.72,0.323858,0.256986,0.192235,0.973,0.8,0.298764,0.279305,0.188221
81,0.3445,0.638,0.745301,0.260671,0.480591,0.886,0.719,0.34382,0.25939,0.197656,0.973,0.8,0.310111,0.290967,0.192083
82,0.345,0.636,0.745146,0.261294,0.480632,0.907,0.718,0.332685,0.264262,0.19535,0.973,0.8,0.305989,0.28673,0.191029
83,0.335,0.634,0.750756,0.255989,0.486777,0.931,0.717,0.303394,0.251766,0.187573,0.973,0.8,0.285492,0.265665,0.184783
84,0.329,0.632,0.754975,0.255242,0.492025,0.8945,0.716,0.329239,0.250127,0.194983,0.973,0.8,0.298232,0.278758,0.189903
85,0.318,0.63,0.761908,0.251283,0.501203,0.894,0.715,0.328707,0.249113,0.193198,0.973,0.8,0.297252,0.277751,0.18809
86,0.323,0.628,0.75872,0.253003,0.497073,0.8925,0.714,0.328153,0.24723,0.195844,0.973,0.8,0.295888,0.27635,0.190519
87,0.317,0.626,0.76282,0.251799,0.50256,0.9105,0.713,0.315683,0.248416,0.18931,0.973,0.8,0.288848,0.269114,0.185054
88,0.309,0.624,0.767964,0.249076,0.509705,0.9025,0.712,0.322206,0.248981,0.191643,0.973,0.8,0.293443,0.273837,0.187018
89,0.3025,0.622,0.772072,0.24652,0.515128,0.8725,0.711,0.34961,0.254567,0.199887,0.973,0.8,0.307097,0.28787,0.192729
90,0.3045,0.62,0.771265,0.248818,0.514532,0.904,0.71,0.320312,0.248133,0.18847,0.973,0.8,0.291017,0.271343,0.183834
91,0.3005,0.618,0.773964,0.247799,0.518361,0.8935,0.709,0.329436,0.249509,0.193986,0.973,0.8,0.295368,0.275815,0.188425
92,0.2925,0.616,0.778966,0.244329,0.525556,0.8855,0.708,0.333283,0.247072,0.194485,0.973,0.8,0.296745,0.27723,0.188489
93,0.289,0.614,0.781283,0.243192,0.52913,0.8745,0.707,0.342567,0.248219,0.197647,0.973,0.8,0.301029,0.281633,0.190699
94,0.275,0.612,0.790593,0.238519,0.543543,0.8735,0.706,0.336185,0.240052,0.196134,0.973,0.8,0.294647,0.275074,0.189201
95,0.2775,0.61,0.788967,0.23952,0.541248,0.8905,0.705,0.328028,0.2454,0.192995,0.973,0.8,0.292163,0.272521,0.187156
96,0.2735,0.608,0.791446,0.237464,0.545195,0.897,0.704,0.321962,0.244105,0.193305,0.973,0.8,0.288359,0.268611,0.187828
97,0.271,0.606,0.793391,0.237607,0.548518,0.897,0.703,0.318949,0.240745,0.190524,0.973,0.8,0.284876,0.265032,0.185033
98,0.2615,0.604,0.799796,0.2344,0.559702,0.886,0.702,0.323962,0.236977,0.191372,0.973,0.8,0.285499,0.265672,0.185117
99,0.2565,0.602,0.802904,0.231593,0.56516,0.8765,0.701,0.327677,0.232946,0.190298,0.973,0.8,0.285683,0.265862,0.183463
100,0.258,0.6,0.80222,0.233411,0.564137,0.8795,0.7,0.331846,0.240302,0.193599,0.973,0.8,0.290236,0.270541,0.186763
101,0.246,0.598,0.810507,0.229704,0.579734,0.8765,0.699,0.331992,0.237869,0.192497,0.973,0.8,0.288619,0.268879,0.185388
102,0.241,0.596,0.813699,0.226965,0.585974,0.877,0.698,0.321815,0.226699,0.186511,0.973,0.8,0.280463,0.260496,0.179886
103,0.246,0.594,0.810204,0.228471,0.579094,0.868,0.697,0.333816,0.232507,0.192764,0.973,0.8,0.28738,0.267605,0.185097
104,0.2325,0.592,0.81959,0.224042,0.598252,0.8555,0.696,0.339335,0.227744,0.196033,0.973,0.8,0.287984,0.268226,0.187349
105,0.23,0.59,0.821218,0.222686,0.601731,0.873,0.695,0.326388,0.228395,0.189286,0.973,0.8,0.281971,0.262046,0.182072
106,0.229,0.588,0.821926,0.222383,0.603262,0.8615,0.694,0.334629,0.22766,0.191057,0.973,0.8,0.283795,0.263921,0.182692
107,0.226,0.586,0.823993,0.221208,0.607764,0.888,0.693,0.32047,0.234763,0.189583,0.973,0.8,0.281726,0.261794,0.183336
108,0.2205,0.584,0.827892,0.219467,0.616667,0.865,0.692,0.3286,0.223815,0.190917,0.973,0.8,0.2793,0.259301,0.182795
109,0.216,0.582,0.831218,0.218604,0.624526,0.89,0.691,0.307867,0.222322,0.18398,0.973,0.8,0.269921,0.249662,0.177988
110,0.2125,0.58,0.833444,0.216207,0.629894,0.8725,0.69,0.323374,0.224498,0.187938,0.973,0.8,0.279056,0.25905,0.180771
111,0.2115,0.578,0.834282,0.216465,0.631984,0.8765,0.689,0.321643,0.226062,0.189268,0.973,0.8,0.27566,0.25556,0.181789
112,0.202,0.576,0.84102,0.212969,0.649276,0.856,0.688,0.337247,0.225755,0.194025,0.973,0.8,0.282959,0.263061,0.184921
113,0.201,0.574,0.841452,0.211206,0.650361,0.857,0.687,0.329888,0.218073,0.189614,0.973,0.8,0.276073,0.255985,0.180761
114,0.199,0.572,0.843032,0.211217,0.654699,0.872,0.686,0.321221,0.221583,0.187602,0.973,0.8,0.273419,0.253257,0.179867
115,0.193,0.57,0.847134,0.207947,0.666067,0.869,0.685,0.320127,0.217637,0.186107,0.973,0.8,0.271578,0.251365,0.17829
116,0.1925,0.568,0.847602,0.208323,0.667424,0.885,0.684,0.313132,0.223878,0.185177,0.973,0.8,0.269702,0.249436,0.178273
117,0.1955,0.566,0.845676,0.210617,0.661898,0.8685,0.683,0.320661,0.217802,0.187514,0.973,0.8,0.270606,0.250366,0.179385
118,0.185,0.564,0.853041,0.205629,0.683518,0.8365,0.682,0.347822,0.220349,0.194408,0.973,0.8,0.282209,0.262291,0.183289
119,0.186,0.562,0.852635,0.207713,0.682189,0.8685,0.681,0.320452,0.217562,0.186751,0.973,0.8,0.270118,0.249865,0.178618
120,0.176,0.56,0.859472,0.201547,0.704021,0.859,0.68,0.321563,0.210201,0.185341,0.973,0.8,0.267387,0.247057,0.176579
121,0.181,0.558,0.856038,0.204631,0.692745,0.8555,0.679,0.327459,0.213862,0.190374,0.973,0.8,0.269696,0.249431,0.180795
122,0.1715,0.556,0.862663,0.199204,0.714679,0.851,0.678,0.323805,0.205411,0.185955,0.973,0.8,0.266218,0.245856,0.176552
123,0.168,0.554,0.865112,0.197093,0.723304,0.8575,0.677,0.322379,0.209771,0.18441,0.973,0.8,0.267279,0.246946,0.175536
124,0.1725,0.552,0.862184,0.201066,0.712771,0.837,0.676,0.337178,0.208097,0.190399,0.973,0.8,0.273095,0.252924,0.17967
125,0.1705,0.55,0.863589,0.199936,0.717573,0.867,0.675,0.316065,0.211147,0.184491,0.973,0.8,0.264276,0.24386,0.176175
126,0.1645,0.548,0.867806,0.196391,0.732726,0.832,0.674,0.341754,0.208839,0.190997,0.973,0.8,0.273005,0.252832,0.17945
127,0.1635,0.546,0.868519,0.195837,0.735314,0.845,0.673,0.332935,0.210574,0.190209,0.973,0.8,0.268425,0.248124,0.179469
128,0.1615,0.544,0.870107,0.195707,0.741283,0.847,0.672,0.332295,0.211682,0.189463,0.973,0.8,0.267794,0.247475,0.17878
129,0.157,0.542,0.873297,0.192976,0.753617,0.826,0.671,0.344374,0.206264,0.191835,0.973,0.8,0.272915,0.252739,0.179715
130,0.154,0.54,0.875645,0.192501,0.762946,0.8355,0.67,0.334756,0.203777,0.188857,0.973,0.8,0.266689,0.24634,0.177513
131,0.1525,0.538,0.876852,0.192472,0.767952,0.8325,0.669,0.338073,0.204892,0.18974,0.973,0.8,0.26805,0.247739,0.17801
132,0.1545,0.536,0.875353,0.193222,0.761506,0.8195,0.668,0.347941,0.204321,0.192924,0.973,0.8,0.270991,0.250762,0.17977
133,0.1425,0.534,0.884124,0.186832,0.800018,0.8105,0.667,0.353733,0.202632,0.196881,0.973,0.8,0.271234,0.251011,0.182446
134,0.147,0.532,0.880975,0.190308,0.785363,0.835,0.666,0.335417,0.204092,0.190348,0.973,0.8,0.265489,0.245107,0.178601
135,0.1445,0.53,0.882725,0.188408,0.793191,0.8215,0.665,0.345725,0.203561,0.19297,0.973,0.8,0.267538,0.247213,0.179613
136,0.1395,0.528,0.88634,0.185233,0.81023,0.817,0.664,0.345932,0.199427,0.193124,0.973,0.8,0.265669,0.245292,0.179331
137,0.1375,0.526,0.887831,0.184227,0.817485,0.815,0.663,0.345998,0.197544,0.191061,0.973,0.8,0.265516,0.245135,0.177369
138,0.1325,0.524,0.891664,0.182371,0.836888,0.807,0.662,0.353658,0.199081,0.193226,0.973,0.8,0.269929,0.24967,0.178797
139,0.1335,0.522,0.891,0.183518,0.83301,0.8325,0.661,0.335404,0.201686,0.186974,0.973,0.8,0.263614,0.24318,0.175109
140,0.135,0.52,0.890006,0.185227,0.827606,0.832,0.66,0.331237,0.196198,0.187054,0.973,0.8,0.257946,0.237354,0.174896
141,0.127,0.518,0.895863,0.180024,0.859387,0.821,0.659,0.342219,0.198805,0.189967,0.973,0.8,0.262542,0.242078,0.176511
142,0.124,0.516,0.898205,0.179069,0.872748,0.8,0.658,0.358809,0.198511,0.194855,0.971,0.8,0.271943,0.250199,0.179687
143,0.123,0.514,0.899078,0.179494,0.877649,0.809,0.657,0.345362,0.190805,0.190761,0.973,0.8,0.261083,0.240579,0.176337
144,0.121,0.512,0.900594,0.178466,0.886647,0.8145,0.656,0.341531,0.191567,0.1887,0.973,0.8,0.261097,0.240593,0.175105
145,0.1215,0.51,0.900267,0.179152,0.88406,0.8355,0.655,0.324977,0.192074,0.184337,0.973,0.8,0.253861,0.233156,0.17267
146,0.117,0.508,0.903651,0.176503,0.905454,0.8245,0.654,0.33166,0.1894,0.185063,0.973,0.8,0.254861,0.234184,0.172355
147,0.1155,0.506,0.904948,0.17704,0.9141,0.8015,0.653,0.350843,0.190073,0.189776,0.973,0.8,0.262158,0.241683,0.174645
148,0.112,0.504,0.907566,0.1747,0.931403,0.815,0.652,0.341481,0.192001,0.187607,0.973,0.8,0.257346,0.236738,0.173494
149,0.1065,0.502,0.911741,0.171277,0.961477,0.8,0.651,0.348951,0.186188,0.190684,0.973,0.8,0.258358,0.237778,0.175128
150,0.111,0.5,0.908386,0.174653,0.93634,0.821,0.65,0.334012,0.188809,0.188667,0.973,0.8,0.251575,0.230806,0.174767
151,0.1075,0.498,0.911128,0.173284,0.955639,0.7915,0.649,0.356443,0.186914,0.191666,0.973,0.8,0.258228,0.237644,0.174684
152,0.105,0.496,0.912986,0.171293,0.969917,0.804,0.648,0.346336,0.186986,0.19014,0.973,0.8,0.255016,0.234343,0.174511
153,0.103,0.494,0.914518,0.170081,0.981348,0.814,0.647,0.337682,0.186342,0.186675,0.973,0.8,0.251088,0.230306,0.172152
154,0.1005,0.492,0.916443,0.168585,0.99685,0.833,0.646,0.323482,0.187854,0.182927,0.973,0.8,0.246238,0.225322,0.170323
155,0.101,0.49,0.916167,0.169967,0.993895,0.8345,0.645,0.319017,0.183963,0.182099,0.973,0.8,0.243142,0.22214,0.169743
156,0.1,0.488,0.916981,0.169811,1,0.8155,0.644,0.333393,0.182578,0.184325,0.973,0.8,0.247737,0.226863,0.170121
157,0.0955,0.486,0.92034,0.165864,1,0.822,0.643,0.327534,0.181915,0.184868,0.973,0.8,0.242034,0.221001,0.170673
158,0.0925,0.484,0.922807,0.165483,1,0.7925,0.642,0.352909,0.183482,0.189923,0.973,0.8,0.257306,0.236696,0.173486
159,0.092,0.482,0.923213,0.165357,1,0.785,0.641,0.353313,0.176195,0.188394,0.973,0.8,0.252339,0.231592,0.171049
160,0.0915,0.48,0.923673,0.165821,1,0.822,0.64,0.324407,0.178111,0.1823,0.973,0.8,0.240688,0.219617,0.168551
161,0.091,0.478,0.924114,0.16609,1,0.829,0.639,0.31946,0.179084,0.180966,0.973,0.8,0.238699,0.217573,0.167821
162,0.085,0.476,0.928745,0.161707,1,0.778,0.638,0.36462,0.183317,0.1953,0.973,0.8,0.256168,0.235527,0.176053
163,0.083,0.474,0.930294,0.160172,1,0.811,0.637,0.332282,0.176673,0.183252,0.973,0.8,0.240808,0.219741,0.168094
164,0.081,0.472,0.931841,0.158535,1,0.801,0.636,0.341581,0.178003,0.186728,0.973,0.8,0.244428,0.223461,0.170295
165,0.0785,0.47,0.933706,0.155494,1,0.814,0.635,0.327672,0.174045,0.182232,0.973,0.8,0.239549,0.218447,0.167682
166,0.0765,0.468,0.935368,0.155143,1,0.8045,0.634,0.340135,0.179782,0.187139,0.973,0.8,0.24548,0.224543,0.171121
167,0.0755,0.466,0.936086,0.153456,1,0.7505,0.633,0.376338,0.169005,0.195006,0.973,0.8,0.253408,0.23269,0.172856
168,0.0755,0.464,0.936149,0.154294,1,0.77,0.632,0.362654,0.172278,0.191433,0.973,0.8,0.24769,0.226814,0.171249
169,0.072,0.462,0.938876,0.151054,1,0.7885,0.631,0.347742,0.172786,0.18686,0.973,0.8,0.244759,0.223801,0.1693
170,0.075,0.46,0.936646,0.15528,1,0.7995,0.63,0.341038,0.175783,0.187452,0.973,0.8,0.240735,0.219666,0.170403
171,0.071,0.458,0.939653,0.150045,1,0.763,0.629,0.370923,0.175522,0.192598,0.973,0.8,0.254947,0.234272,0.172107
172,0.0685,0.456,0.941625,0.147804,1,0.788,0.628,0.344584,0.168254,0.187505,0.973,0.8,0.237826,0.216676,0.169199
173,0.0685,0.454,0.941691,0.14877,1,0.7645,0.627,0.36722,0.172296,0.192407,0.973,0.8,0.250149,0.229341,0.171712
174,0.0695,0.452,0.940937,0.150176,1,0.753,0.626,0.375322,0.170414,0.195623,0.973,0.8,0.25121,0.230432,0.173195
175,0.068,0.45,0.942149,0.149247,1,0.8045,0.625,0.331451,0.168988,0.183306,0.973,0.8,0.234256,0.213007,0.167073
176,0.0655,0.448,0.944062,0.145988,1,0.792,0.624,0.34235,0.169634,0.18575,0.973,0.8,0.236776,0.215598,0.167843
177,0.0655,0.446,0.944155,0.147398,1,0.775,0.623,0.348191,0.158956,0.185382,0.973,0.8,0.235051,0.213825,0.165995
178,0.065,0.444,0.944591,0.147553,1,0.7915,0.622,0.34224,0.16897,0.186376,0.973,0.8,0.235687,0.214478,0.168236
179,0.067,0.442,0.943132,0.151223,1,0.767,0.621,0.360576,0.166331,0.192937,0.973,0.8,0.239026,0.21791,0.171339
180,0.0625,0.44,0.946589,0.145423,1,0.769,0.62,0.356731,0.163499,0.188634,0.973,0.8,0.238676,0.21755,0.168078
181,0.0615,0.438,0.947437,0.145313,1,0.7525,0.619,0.374385,0.168618,0.196437,0.966,0.8,0.251026,0.224665,0.1739
182,0.0595,0.436,0.94903,0.143358,1,0.769,0.618,0.354625,0.160761,0.188918,0.973,0.8,0.233865,0.212605,0.167853
183,0.06,0.434,0.948601,0.143357,1,0.792,0.617,0.337645,0.163694,0.183295,0.973,0.8,0.231827,0.210511,0.165496
184,0.057,0.432,0.950985,0.140081,1,0.7875,0.616,0.341137,0.163349,0.183523,0.973,0.8,0.232293,0.21099,0.165179
185,0.054,0.43,0.95345,0.137969,1,0.7345,0.615,0.383883,0.161176,0.195679,0.9675,0.8,0.25032,0.225137,0.171193
186,0.0575,0.428,0.950719,0.142947,1,0.7815,0.614,0.344904,0.161745,0.185199,0.973,0.8,0.231173,0.209839,0.165816
187,0.053,0.426,0.954297,0.137681,1,0.7745,0.613,0.349739,0.160412,0.186215,0.973,0.8,0.232672,0.211379,0.166084
188,0.055,0.424,0.952764,0.141161,1,0.7765,0.612,0.347395,0.159555,0.186021,0.973,0.8,0.2313,0.209969,0.166072
189,0.0515,0.422,0.955494,0.135814,1,0.7585,0.611,0.361962,0.158816,0.188723,0.973,0.8,0.234247,0.212998,0.166364
190,0.0505,0.42,0.956335,0.135345,1,0.77,0.61,0.348664,0.154109,0.183282,0.973,0.8,0.229691,0.208316,0.163058
191,0.0515,0.418,0.955576,0.1374,1,0.752,0.609,0.365962,0.156865,0.188152,0.973,0.8,0.237434,0.216273,0.165653
192,0.0495,0.416,0.957157,0.134481,1,0.7705,0.608,0.350019,0.156417,0.186149,0.973,0.8,0.229648,0.208272,0.165376
193,0.05,0.414,0.956829,0.136586,1,0.775,0.607,0.346557,0.156848,0.186363,0.973,0.8,0.228828,0.207429,0.166061
194,0.046,0.412,0.960003,0.130508,1,0.7465,0.606,0.367661,0.152928,0.19037,0.973,0.8,0.231839,0.210523,0.166227
195,0.0485,0.41,0.958045,0.134948,1,0.733,0.605,0.379499,0.153477,0.193126,0.973,0.8,0.237191,0.216024,0.167379
196,0.0465,0.408,0.959704,0.13342,1,0.77,0.604,0.348686,0.154137,0.184421,0.973,0.8,0.227312,0.205871,0.163657
197,0.0455,0.406,0.960501,0.131894,1,0.7645,0.603,0.354035,0.155048,0.186123,0.973,0.8,0.228585,0.207179,0.164444
198,0.0465,0.404,0.959754,0.134495,1,0.7755,0.602,0.343214,0.15308,0.184089,0.973,0.8,0.223223,0.201669,0.163613
199,0.044,0.402,0.96173,0.13022,1,0.7685,0.601,0.349246,0.153215,0.18584,0.973,0.8,0.222153,0.200568,0.163933
200,0.043,0.4,0.962616,0.130605,1,0.765,0.6,0.351515,0.152307,0.186604,0.973,0.8,0.22299,0.201428,0.164312
201,0.0425,0.398,0.962995,0.12929,1,0.738,0.599,0.373108,0.150553,0.191626,0.973,0.8,0.231513,0.210188,0.166183
202,0.042,0.396,0.963421,0.129062,1,0.76,0.598,0.353641,0.149527,0.186021,0.973,0.8,0.223469,0.201921,0.163396
203,0.0405,0.394,0.964673,0.127731,1,0.7295,0.597,0.381934,0.152755,0.192896,0.973,0.8,0.233035,0.211752,0.16596
204,0.0405,0.392,0.964734,0.129223,1,0.7495,0.596,0.359804,0.145836,0.186518,0.973,0.8,0.224687,0.203173,0.162869
205,0.04,0.39,0.965138,0.128455,1,0.7505,0.595,0.362155,0.150107,0.188341,0.973,0.8,0.224492,0.202972,0.164099
206,0.038,0.388,0.966742,0.124794,1,0.7425,0.594,0.366264,0.146484,0.188662,0.973,0.8,0.222715,0.201146,0.163259
207,0.036,0.386,0.968376,0.121561,1,0.7335,0.593,0.373876,0.146389,0.190873,0.973,0.8,0.226351,0.204883,0.164394
208,0.0375,0.384,0.967221,0.125903,1,0.7395,0.592,0.369066,0.14681,0.188547,0.973,0.8,0.223727,0.202186,0.162838
209,0.0345,0.382,0.969579,0.118237,1,0.746,0.591,0.363641,0.146972,0.188094,0.973,0.8,0.225038,0.203533,0.163613
210,0.0345,0.38,0.969646,0.120175,1,0.735,0.59,0.371451,0.144831,0.188841,0.973,0.8,0.224667,0.203152,0.162743
211,0.0355,0.378,0.968872,0.123155,1,0.7465,0.589,0.360638,0.14352,0.185389,0.973,0.8,0.222325,0.200745,0.161291
212,0.0335,0.376,0.970475,0.118664,1,0.701,0.588,0.40065,0.145007,0.19869,0.973,0.8,0.231417,0.210089,0.166743
213,0.0325,0.374,0.971285,0.11645,1,0.7355,0.587,0.370232,0.143755,0.188158,0.973,0.8,0.223505,0.201958,0.162138
214,0.0325,0.372,0.971286,0.116496,1,0.751,0.586,0.356663,0.143359,0.185857,0.973,0.8,0.217174,0.195452,0.161524
215,0.0315,0.37,0.972156,0.116069,1,0.739,0.585,0.364644,0.140248,0.186736,0.973,0.8,0.218459,0.196772,0.161027
216,0.0305,0.368,0.972952,0.113177,1,0.7445,0.584,0.361015,0.141726,0.186845,0.973,0.8,0.216228,0.194479,0.161404
217,0.031,0.366,0.972568,0.115097,1,0.751,0.583,0.354793,0.14087,0.184256,0.973,0.8,0.216379,0.194634,0.160251
218,0.03,0.364,0.973379,0.112631,1,0.712,0.582,0.38973,0.142879,0.193685,0.962,0.8,0.237045,0.206908,0.165288
219,0.03,0.362,0.973435,0.114497,1,0.7075,0.581,0.390566,0.138609,0.196063,0.973,0.8,0.22085,0.199229,0.164405
220,0.0295,0.36,0.973824,0.112688,1,0.734,0.58,0.369285,0.140716,0.189053,0.973,0.8,0.216727,0.194992,0.161843
221,0.0295,0.358,0.973845,0.113383,1,0.728,0.579,0.374178,0.140354,0.1897,0.973,0.8,0.217683,0.195975,0.161666
222,0.029,0.356,0.974273,0.112846,1,0.748,0.578,0.35777,0.141403,0.185653,0.973,0.8,0.211295,0.189409,0.160109
223,0.0265,0.354,0.976297,0.105529,1,0.7225,0.577,0.376144,0.136531,0.190678,0.973,0.8,0.216198,0.194448,0.16173
224,0.028,0.352,0.975133,0.11191,1,0.7525,0.576,0.34975,0.13588,0.181386,0.973,0.8,0.210095,0.188175,0.157506
225,0.0265,0.35,0.976333,0.106914,1,0.6875,0.575,0.407529,0.138224,0.198758,0.9645,0.8,0.234873,0.206712,0.165645
226,0.027,0.348,0.975948,0.109187,1,0.7195,0.574,0.380409,0.138859,0.192492,0.973,0.8,0.215627,0.193861,0.162428
227,0.027,0.346,0.975958,0.109567,1,0.7345,0.573,0.364197,0.134373,0.185876,0.973,0.8,0.210137,0.188219,0.158722
228,0.026,0.344,0.976786,0.107146,1,0.704,0.572,0.391308,0.135381,0.193688,0.973,0.8,0.220755,0.199131,0.162073
229,0.0255,0.342,0.977218,0.106599,1,0.725,0.571,0.373184,0.135426,0.188092,0.973,0.8,0.217211,0.19549,0.160195
230,0.025,0.34,0.977646,0.105859,1,0.709,0.57,0.385761,0.133654,0.1918,0.973,0.8,0.215819,0.194058,0.16065
231,0.024,0.338,0.97847,0.102923,1,0.7265,0.569,0.371056,0.134282,0.187582,0.973,0.8,0.212111,0.190248,0.159297
232,0.024,0.336,0.978501,0.104226,1,0.6915,0.568,0.401029,0.133809,0.195643,0.973,0.8,0.220981,0.199364,0.161851
233,0.0245,0.334,0.97809,0.105694,1,0.692,0.567,0.400117,0.133118,0.195862,0.973,0.8,0.219727,0.198075,0.161973
234,0.0235,0.332,0.978894,0.101888,1,0.697,0.566,0.39692,0.134749,0.194044,0.972,0.8,0.222189,0.199783,0.161524
235,0.0225,0.33,0.979762,0.100534,1,0.712,0.565,0.382861,0.133232,0.190085,0.973,0.8,0.21106,0.189167,0.158987
236,0.0225,0.328,0.979784,0.101507,1,0.7045,0.564,0.388325,0.13176,0.192565,0.973,0.8,0.213188,0.191355,0.160321
237,0.021,0.326,0.980997,0.0950851,1,0.709,0.563,0.383443,0.130385,0.190154,0.973,0.8,0.211106,0.189215,0.158868
238,0.021,0.324,0.981042,0.0972232,1,0.7095,0.562,0.381496,0.128254,0.190201,0.973,0.8,0.207499,0.185508,0.158548
239,0.021,0.322,0.981032,0.0967795,1,0.6985,0.561,0.391132,0.12832,0.193302,0.973,0.8,0.213962,0.19215,0.160401
