month,F_med,mean_a_med,mean_a_lo,mean_a_hi,mean_a_emp_med,mean_a_emp_lo,mean_a_emp_hi,retrain_med,retrain_lo,retrain_hi,demand_med,demand_lo,demand_hi,supply_med,supply_lo,supply_hi,unmet_med,unmet_lo,unmet_hi,unused_med,unused_lo,unused_hi
0,0.2,0.566753,0.554111,0.573199,0.667394,0.657331,0.675988,0,0,0,0.599999,0.589666,0.61151,0.497099,0.487107,0.51124,0.0710447,0.0546626,0.093632,0.2605,0.246,0.2725
1,0.204,0.568874,0.556182,0.575347,0.669243,0.662933,0.679304,0.00093633,0,0.0596625,0.605125,0.591149,0.616356,0.499087,0.489055,0.513285,0.0726448,0.0584992,0.0954768,0.2635,0.24775,0.28075
2,0.208,0.571013,0.558248,0.577512,0.673291,0.661898,0.680733,0.0116205,0,0.0852116,0.60515,0.591074,0.618159,0.501084,0.491011,0.515338,0.0727383,0.0396346,0.088137,0.259,0.244,0.27325
3,0.212,0.573152,0.560322,0.579682,0.674192,0.66869,0.682217,0,0,0.0421301,0.610072,0.597992,0.619725,0.503088,0.492975,0.517399,0.0693679,0.0457092,0.104282,0.25925,0.24625,0.28425
4,0.216,0.575306,0.5624,0.581868,0.681463,0.670164,0.68559,0,0,0.0202509,0.615235,0.607416,0.622217,0.5051,0.494947,0.519469,0.079768,0.0522327,0.0985299,0.263,0.2515,0.28225
5,0.22,0.577458,0.564491,0.584056,0.684056,0.669938,0.690037,0.00292969,0,0.0582437,0.616684,0.606371,0.624544,0.507121,0.496927,0.521547,0.068218,0.0525566,0.0972776,0.26425,0.24775,0.291
6,0.224,0.579618,0.566592,0.58625,0.685042,0.677629,0.691476,0.00736648,0,0.0701121,0.622932,0.608092,0.630163,0.509149,0.498915,0.523633,0.0808933,0.0437526,0.0944694,0.26725,0.24025,0.28375
7,0.228,0.581781,0.568693,0.588462,0.691283,0.677314,0.695792,0.00564471,0,0.0565608,0.62076,0.613573,0.638549,0.511186,0.50091,0.525728,0.0775266,0.0533994,0.0964614,0.26725,0.251,0.286
8,0.232,0.583963,0.570801,0.59066,0.692533,0.684839,0.702734,0,0,0.0445144,0.631823,0.618652,0.640279,0.513231,0.502914,0.52783,0.0845561,0.0609327,0.112682,0.26825,0.25825,0.28775
9,0.236,0.58615,0.572918,0.592873,0.695235,0.687241,0.705874,0.00286807,0,0.0389778,0.63111,0.625054,0.643922,0.515283,0.504926,0.529942,0.0804358,0.0625826,0.0968513,0.273,0.25425,0.28675
10,0.24,0.588337,0.575042,0.595098,0.697895,0.691528,0.708598,0.00599397,0,0.0606069,0.638957,0.622241,0.650188,0.517345,0.506945,0.532062,0.08712,0.0495786,0.104006,0.2805,0.24875,0.29325
11,0.244,0.590521,0.577169,0.597338,0.70106,0.692508,0.709326,0.0194803,0,0.0668318,0.638784,0.623441,0.646234,0.519414,0.508973,0.53419,0.0816484,0.0440023,0.0962726,0.27125,0.2595,0.2845
12,0.248,0.592732,0.579315,0.599586,0.705686,0.693255,0.715403,0,0,0.0533906,0.642822,0.625757,0.654696,0.521492,0.511009,0.536327,0.0788567,0.0641733,0.100965,0.27575,0.25325,0.293
13,0.252,0.59495,0.581473,0.601834,0.707875,0.7014,0.715422,0,0,0.0360434,0.644512,0.637402,0.655154,0.523578,0.513053,0.538472,0.0801084,0.0601412,0.104986,0.27375,0.26,0.2905
14,0.256,0.597172,0.583633,0.604094,0.713819,0.706206,0.720897,0,0,0.00731261,0.6509,0.636593,0.657522,0.525672,0.515105,0.540626,0.0810559,0.0550584,0.0984845,0.27725,0.26375,0.30425
15,0.26,0.599401,0.585793,0.606358,0.714997,0.706109,0.724632,0.000856164,0,0.0776228,0.652349,0.643619,0.663595,0.527775,0.517166,0.542788,0.0808344,0.0652694,0.11636,0.27625,0.263,0.295
16,0.264,0.601639,0.587963,0.608626,0.716984,0.707471,0.729888,0.00528953,0,0.0649377,0.653432,0.646315,0.664618,0.529886,0.519234,0.544959,0.0813234,0.0608352,0.100853,0.28075,0.26325,0.2925
17,0.268,0.603887,0.59014,0.610901,0.726806,0.713953,0.732575,0,0,0.0273606,0.666396,0.649368,0.674282,0.532005,0.521311,0.547139,0.0913654,0.0595506,0.111637,0.2845,0.26925,0.3065
18,0.272,0.606127,0.592312,0.613185,0.72706,0.718281,0.740033,0,0,0.0602907,0.659328,0.649382,0.68002,0.534133,0.523396,0.549328,0.0775376,0.0620326,0.116585,0.27925,0.27025,0.30925
19,0.276,0.608371,0.594508,0.615468,0.72682,0.720679,0.737277,0.0043856,0,0.135792,0.661957,0.654546,0.673672,0.53627,0.52549,0.551525,0.0707451,0.0570707,0.110027,0.2815,0.2645,0.3005
20,0.28,0.610647,0.596706,0.617777,0.734256,0.724494,0.741994,0,0,0.0379451,0.672275,0.659088,0.678889,0.538415,0.527592,0.553731,0.0833091,0.0462512,0.104174,0.28775,0.2625,0.30575
21,0.284,0.612915,0.59891,0.620102,0.737187,0.732417,0.745056,0,0,0.0311179,0.676526,0.662396,0.692342,0.540569,0.529702,0.555946,0.0899268,0.0605437,0.123786,0.287,0.2685,0.3205
22,0.288,0.615197,0.601107,0.622431,0.738802,0.730993,0.753944,0.00961515,0,0.111344,0.676456,0.661599,0.689285,0.542731,0.531821,0.55817,0.0804586,0.0685592,0.114262,0.291,0.271,0.30725
23,0.292,0.617484,0.603322,0.624744,0.745084,0.733773,0.754715,0,0,0.0597209,0.687791,0.670337,0.692222,0.544902,0.533948,0.560403,0.0885408,0.0619823,0.108031,0.29125,0.27125,0.3065
24,0.296,0.61978,0.605549,0.627068,0.74879,0.739488,0.755243,0.00797278,0,0.0485262,0.686685,0.677107,0.694798,0.547081,0.536084,0.562644,0.0903747,0.0715687,0.111649,0.29275,0.2765,0.311
25,0.3,0.622085,0.607782,0.629406,0.749465,0.73899,0.756995,0.0311178,0,0.0715051,0.683338,0.675453,0.693832,0.54927,0.538229,0.564895,0.0830959,0.0602182,0.10969,0.2835,0.27,0.30375
26,0.304,0.6244,0.61002,0.631763,0.755743,0.747944,0.761429,0.000874126,0,0.0388346,0.686441,0.676935,0.702737,0.551467,0.540381,0.567154,0.0803544,0.0541069,0.113038,0.28875,0.27375,0.32125
27,0.308,0.626728,0.612258,0.634131,0.759227,0.751775,0.762059,0.00433276,0,0.0434206,0.695428,0.681739,0.703018,0.553673,0.542543,0.569423,0.0833083,0.0634665,0.11846,0.293,0.27825,0.31425
28,0.312,0.629053,0.614513,0.636499,0.759936,0.752207,0.765577,0.016463,0,0.0566678,0.696143,0.683838,0.701786,0.555887,0.544713,0.571701,0.081493,0.062971,0.107493,0.28575,0.27475,0.3115
29,0.316,0.631395,0.616769,0.63888,0.761746,0.758504,0.7701,0,0,0.0304737,0.70186,0.689956,0.707915,0.558111,0.546892,0.573987,0.086543,0.0589644,0.110185,0.29275,0.27225,0.3205
30,0.32,0.63374,0.619036,0.641268,0.767728,0.760523,0.774281,0.00447227,0,0.0335369,0.70365,0.693788,0.710477,0.560343,0.54908,0.576283,0.0816874,0.0608983,0.109655,0.29525,0.27775,0.31575
31,0.324,0.636107,0.621312,0.643661,0.772975,0.763461,0.781143,0,0,0.0578077,0.707571,0.694879,0.721234,0.562585,0.551276,0.578589,0.0856958,0.0609076,0.105788,0.30025,0.27625,0.316
32,0.328,0.638464,0.623589,0.646067,0.778346,0.769268,0.785637,0,0,0.0418033,0.716582,0.703694,0.730073,0.564835,0.553481,0.580903,0.092947,0.0737343,0.114501,0.30225,0.285,0.3245
33,0.332,0.640839,0.625875,0.648473,0.781344,0.771497,0.790169,0,0,0.0775153,0.716715,0.705672,0.728425,0.567094,0.555695,0.583227,0.0884848,0.0694119,0.11558,0.30775,0.281,0.31475
34,0.336,0.643207,0.628173,0.650903,0.782785,0.775214,0.794447,0.00166654,0,0.0378514,0.724158,0.711762,0.731957,0.569363,0.557918,0.585559,0.0869648,0.0768176,0.124912,0.29975,0.292,0.32375
35,0.34,0.645589,0.630473,0.653322,0.789933,0.777941,0.795001,0,0,0.0719848,0.724865,0.710519,0.732024,0.57164,0.560149,0.587902,0.0942857,0.0732209,0.110195,0.3015,0.287,0.322
36,0.344,0.647983,0.632781,0.655761,0.789976,0.787351,0.801773,0,0,0.0388331,0.72834,0.71321,0.745636,0.573927,0.56239,0.590253,0.0859112,0.0596735,0.133442,0.30425,0.29125,0.3405
37,0.348,0.65039,0.635081,0.65819,0.795454,0.787909,0.801578,0.00586265,0,0.0829288,0.72761,0.713967,0.739212,0.576222,0.56464,0.592614,0.088186,0.0641529,0.110691,0.30575,0.282,0.337
38,0.352,0.652803,0.637403,0.66065,0.799062,0.792126,0.805514,0.00260417,0,0.0401477,0.736268,0.719247,0.74281,0.578527,0.566898,0.594985,0.0999458,0.0577447,0.127338,0.3065,0.284,0.3355
39,0.356,0.655217,0.639736,0.663117,0.80312,0.794036,0.810956,0,0,0.0534564,0.740552,0.725908,0.74837,0.580841,0.569166,0.597365,0.0926646,0.0715628,0.121733,0.30875,0.2895,0.3265
40,0.36,0.657638,0.642077,0.665588,0.803997,0.79504,0.812144,0.0154356,0,0.0410555,0.736367,0.72649,0.748936,0.583165,0.571442,0.599754,0.0845661,0.064087,0.116105,0.304,0.28575,0.3225
41,0.364,0.660077,0.644432,0.668069,0.811334,0.801227,0.818561,0,0,0.0127748,0.745704,0.735449,0.753032,0.585497,0.573728,0.602153,0.0883544,0.0705506,0.115337,0.31325,0.2905,0.3305
42,0.368,0.662514,0.646795,0.670559,0.815174,0.803895,0.821038,0,0,0.0477892,0.74917,0.735356,0.754777,0.587839,0.576023,0.604562,0.0870596,0.0727227,0.121277,0.308,0.29075,0.33775
43,0.372,0.664968,0.649154,0.673056,0.819756,0.805387,0.825408,0,0,0.0491827,0.750229,0.738232,0.763531,0.590191,0.578327,0.60698,0.0896601,0.0693417,0.113382,0.3145,0.29625,0.32875
44,0.376,0.667424,0.651542,0.675555,0.821971,0.812677,0.83,0.00253021,0,0.0524182,0.75223,0.743589,0.759538,0.592552,0.58064,0.609408,0.0890513,0.0675663,0.119857,0.31375,0.296,0.3285
45,0.38,0.669883,0.653931,0.678064,0.824552,0.816618,0.831392,0.0008,0,0.019375,0.756094,0.745353,0.765053,0.594922,0.582963,0.611846,0.0909369,0.0602901,0.121919,0.313,0.29525,0.33425
46,0.384,0.672352,0.656328,0.680589,0.82587,0.820131,0.833335,0.0238436,0,0.050148,0.758247,0.749674,0.770046,0.597301,0.585295,0.614293,0.0906262,0.0690302,0.130666,0.314,0.2835,0.33775
47,0.388,0.67484,0.658727,0.683132,0.834172,0.823684,0.844901,0,0,0.0446957,0.7617,0.752386,0.776716,0.599691,0.587636,0.61675,0.0848852,0.064248,0.112996,0.32025,0.295,0.3365
48,0.392,0.677334,0.661141,0.685671,0.835597,0.828283,0.844245,0,0,0.0726296,0.769575,0.757379,0.78168,0.602089,0.589987,0.619217,0.0961716,0.0742457,0.11266,0.3125,0.30125,0.3425
49,0.396,0.679839,0.663556,0.688213,0.844478,0.831068,0.851901,0.0031746,0,0.0380397,0.771812,0.764027,0.782987,0.604498,0.592347,0.621694,0.0916983,0.0787546,0.111149,0.32675,0.3045,0.33725
50,0.4,0.682347,0.665988,0.690773,0.847469,0.834073,0.853672,0.0053531,0,0.0590058,0.777557,0.769497,0.785896,0.606916,0.594716,0.624181,0.0894577,0.0711676,0.12593,0.32125,0.30375,0.34175
51,0.404,0.684855,0.668418,0.693333,0.845258,0.836847,0.853159,0.0146465,0,0.0876116,0.773387,0.767918,0.785622,0.609343,0.597095,0.626677,0.085923,0.0650922,0.117169,0.3175,0.286,0.33625
52,0.408,0.687388,0.67087,0.695912,0.850554,0.838029,0.859695,0,0,0.0379366,0.781825,0.770198,0.789132,0.611781,0.599483,0.629184,0.100872,0.0809581,0.116551,0.32025,0.2965,0.3315
53,0.412,0.689928,0.673335,0.698497,0.853543,0.847099,0.864409,0,0,0.058184,0.788267,0.771241,0.795171,0.614228,0.601881,0.631701,0.0908156,0.0702557,0.130117,0.32375,0.29875,0.3365
54,0.416,0.692467,0.675799,0.701097,0.862363,0.850873,0.866287,0,0,0.0405075,0.785441,0.779656,0.796442,0.616685,0.604289,0.634228,0.0920555,0.0606111,0.114577,0.324,0.30825,0.34325
55,0.42,0.695015,0.678265,0.703695,0.86544,0.853918,0.87126,0,0,0.0421782,0.792169,0.782538,0.800333,0.619152,0.606706,0.636765,0.0916336,0.0699461,0.126479,0.3245,0.30875,0.339
56,0.424,0.697582,0.680742,0.706306,0.870812,0.862216,0.878631,0,0,0.0381634,0.799231,0.78482,0.808192,0.621628,0.609133,0.639312,0.100901,0.0660417,0.134064,0.329,0.3035,0.34925
57,0.428,0.700156,0.683224,0.708926,0.872393,0.865329,0.880979,0,0,0.0447034,0.801469,0.792706,0.814824,0.624115,0.611569,0.641869,0.0946173,0.0792376,0.126143,0.3245,0.314,0.3535
58,0.432,0.702745,0.68572,0.71155,0.8806,0.868246,0.888167,0,0,0.0396847,0.804046,0.791363,0.816757,0.626611,0.614015,0.644436,0.0940096,0.0682807,0.133347,0.32925,0.3165,0.36025
59,0.436,0.705335,0.688197,0.71418,0.88321,0.870714,0.892619,0.0014125,0,0.0552364,0.806136,0.79497,0.823345,0.629118,0.616471,0.647014,0.0888078,0.0677871,0.125991,0.32825,0.31225,0.35375
60,0.44,0.70792,0.690694,0.716818,0.88574,0.877105,0.893105,0.0147659,0,0.0529393,0.812117,0.801531,0.821601,0.631634,0.618937,0.649602,0.096692,0.0690923,0.11753,0.32975,0.312,0.35425
61,0.444,0.710525,0.693204,0.719478,0.892322,0.878068,0.898648,0,0,0.0533716,0.817255,0.803661,0.826529,0.634161,0.621413,0.652201,0.1,0.0728801,0.126335,0.33675,0.31775,0.34575
62,0.448,0.713134,0.695735,0.722128,0.891168,0.886258,0.900096,0.00154321,0,0.0503782,0.814979,0.803076,0.822092,0.636697,0.623899,0.654809,0.096875,0.0607459,0.113243,0.33025,0.31175,0.354
63,0.452,0.715754,0.698268,0.724798,0.895813,0.887733,0.906454,0.00211268,0,0.0411036,0.820876,0.805347,0.837797,0.639244,0.626394,0.657429,0.0999059,0.0691066,0.126513,0.3335,0.313,0.35275
64,0.456,0.71838,0.70081,0.727483,0.901969,0.889196,0.912061,0.00369276,0,0.0465018,0.830107,0.808524,0.835424,0.641801,0.6289,0.660058,0.104469,0.0671476,0.130093,0.333,0.30875,0.35425
65,0.46,0.721007,0.703369,0.730168,0.907694,0.89451,0.918119,0,0,0.05825,0.827552,0.816633,0.841181,0.644368,0.631416,0.662699,0.0988371,0.0796061,0.119879,0.339,0.32075,0.35625
66,0.464,0.723652,0.705939,0.732873,0.912342,0.901948,0.918116,0.0020979,0,0.0573501,0.836069,0.824016,0.842358,0.646946,0.633941,0.665349,0.100541,0.0749073,0.126762,0.332,0.32125,0.37
67,0.468,0.726317,0.708495,0.735587,0.914842,0.904556,0.928103,0,0,0.0585054,0.837715,0.83042,0.847401,0.649534,0.636477,0.668011,0.0963008,0.0733449,0.127434,0.342,0.32425,0.358
68,0.472,0.728976,0.711072,0.73829,0.921175,0.908376,0.927867,0,0,0.0415064,0.840449,0.831004,0.846043,0.652132,0.639023,0.670683,0.10255,0.0603593,0.125366,0.34425,0.319,0.35625
69,0.476,0.731644,0.713653,0.741024,0.920853,0.913309,0.928779,0.00150355,0,0.0459206,0.843655,0.829572,0.848254,0.65474,0.641579,0.673366,0.0990701,0.0659135,0.12462,0.33925,0.3145,0.3605
70,0.48,0.734323,0.716247,0.74378,0.924372,0.912308,0.930752,0.00676705,0,0.0754827,0.84243,0.824932,0.848429,0.657359,0.644145,0.676059,0.0918244,0.0658695,0.121017,0.3325,0.30875,0.35725
71,0.484,0.737031,0.718855,0.746538,0.931907,0.920547,0.941554,0,0,0.0056101,0.848589,0.838614,0.85919,0.659989,0.646722,0.678763,0.0936148,0.0779837,0.13556,0.341,0.32775,0.357
72,0.488,0.739735,0.721466,0.749278,0.9321,0.926038,0.945033,0.000716332,0,0.0577225,0.847634,0.838298,0.860017,0.662629,0.649309,0.681478,0.0876958,0.0760484,0.119723,0.34,0.3195,0.364
73,0.492,0.742448,0.724077,0.752047,0.94084,0.928974,0.947207,0,0,0.0551055,0.854461,0.846551,0.869805,0.665279,0.651906,0.684204,0.089366,0.0633401,0.129614,0.34325,0.32825,0.3585
74,0.496,0.745175,0.726704,0.754824,0.947875,0.932092,0.958614,0,0,0.0108182,0.856964,0.846538,0.874501,0.66794,0.654514,0.686941,0.0935029,0.0616028,0.121043,0.34575,0.33475,0.36475
75,0.5,0.747884,0.729345,0.757595,0.946395,0.93728,0.959336,0.0135763,0,0.0749661,0.862636,0.853863,0.874286,0.670612,0.657132,0.689689,0.10336,0.0721408,0.120962,0.34625,0.3225,0.36925
76,0.504,0.750629,0.731989,0.760397,0.951257,0.937479,0.958504,0.0132831,0,0.0656229,0.865021,0.854466,0.872662,0.673294,0.65976,0.692448,0.0895355,0.0652252,0.121228,0.33625,0.326,0.364
77,0.508,0.753383,0.734653,0.763207,0.958273,0.942809,0.963866,0,0,0.0379094,0.870837,0.855195,0.881105,0.675988,0.662399,0.695217,0.0882024,0.0733313,0.124867,0.342,0.3285,0.36225
78,0.512,0.756155,0.737314,0.766024,0.963626,0.947547,0.971376,0,0,0.0286444,0.877205,0.861801,0.884679,0.678691,0.665049,0.697998,0.0920005,0.0764116,0.129847,0.34325,0.33225,0.371
79,0.516,0.758929,0.73998,0.768851,0.962925,0.958751,0.973214,0.0147657,0,0.0446299,0.873386,0.86202,0.885053,0.681406,0.667709,0.70079,0.0879024,0.0688918,0.134499,0.3455,0.326,0.368
80,0.52,0.761717,0.74266,0.771681,0.967366,0.956841,0.978539,0,0,0.0425515,0.879455,0.869648,0.89231,0.684132,0.67038,0.703593,0.101715,0.0783184,0.120662,0.3445,0.33025,0.37175
81,0.524,0.764493,0.745347,0.774533,0.974064,0.963364,0.984935,0.00595238,0,0.0414513,0.875965,0.869602,0.888495,0.686868,0.673061,0.706408,0.0852863,0.0637988,0.127203,0.347,0.32925,0.3715
82,0.528,0.767297,0.748049,0.777383,0.980543,0.963556,0.998686,0,0,0.0475629,0.888213,0.878043,0.911632,0.689616,0.675754,0.709233,0.101036,0.0815966,0.133542,0.3515,0.3355,0.3805
83,0.532,0.770095,0.750763,0.780237,0.986496,0.974103,0.994758,0.00143885,0,0.0587774,0.895188,0.8816,0.906714,0.692374,0.678457,0.71207,0.100997,0.0727933,0.13684,0.35275,0.33775,0.37675
84,0.536,0.772902,0.753479,0.783101,0.98788,0.976613,0.994086,0.0200639,0,0.0527838,0.890315,0.880369,0.89925,0.695144,0.68117,0.714919,0.0998378,0.0601355,0.122086,0.35075,0.325,0.37375
85,0.54,0.775728,0.756212,0.785986,0.999334,0.97828,1.00651,0,0,0.0337424,0.902179,0.884036,0.912224,0.697924,0.683895,0.717778,0.101107,0.0758531,0.133765,0.3585,0.34,0.37875
86,0.544,0.778551,0.758958,0.788866,0.996027,0.98752,1.00734,0.0163742,0,0.0429311,0.899424,0.893368,0.909087,0.700716,0.686631,0.720649,0.085892,0.0658149,0.125014,0.356,0.33825,0.37425
87,0.548,0.781396,0.761701,0.791773,1.00022,0.988371,1.015,0.000724638,0,0.0275537,0.902977,0.895854,0.910794,0.703519,0.689377,0.723532,0.0959475,0.0559818,0.123473,0.357,0.3285,0.37525
88,0.552,0.784233,0.764464,0.794697,1.00351,0.994253,1.01385,0,0,0.0548196,0.907557,0.89854,0.91432,0.706333,0.692135,0.726426,0.0966196,0.0691041,0.126737,0.3555,0.333,0.373
89,0.556,0.787099,0.767236,0.797625,1.01267,0.99953,1.02101,0,0,0.0334908,0.915647,0.899669,0.929588,0.709158,0.694903,0.729332,0.0910672,0.0677794,0.132307,0.357,0.34325,0.38025
90,0.56,0.789989,0.77,0.80055,1.01467,1.00555,1.02214,0.00138096,0,0.0568218,0.916468,0.905385,0.931368,0.711995,0.697683,0.732249,0.102139,0.0752652,0.117327,0.3625,0.3335,0.378
91,0.564,0.792877,0.772791,0.803501,1.01622,1.00805,1.02702,0,0,0.0584444,0.919788,0.90711,0.925402,0.714843,0.700474,0.735178,0.101086,0.0670383,0.129104,0.3545,0.33425,0.37925
92,0.568,0.795773,0.775583,0.806466,1.025,1.01892,1.03501,0,0,0.0148264,0.923473,0.913696,0.929595,0.717702,0.703276,0.738119,0.104275,0.0709114,0.143451,0.35875,0.34425,0.382
93,0.572,0.798677,0.778385,0.80943,1.0275,1.01539,1.03929,0.00403822,0,0.0409235,0.92859,0.91392,0.939982,0.720573,0.706089,0.741071,0.101476,0.070824,0.130483,0.35825,0.32925,0.38375
94,0.576,0.801599,0.781195,0.812416,1.03319,1.02287,1.04458,0.00336156,0,0.0296813,0.931887,0.919536,0.933933,0.723455,0.708913,0.744036,0.0919435,0.0577298,0.11625,0.36225,0.342,0.383
95,0.58,0.804529,0.784027,0.81539,1.03572,1.02197,1.05059,0,0,0.0498663,0.929015,0.920095,0.938936,0.726349,0.711749,0.747012,0.102099,0.0601923,0.126471,0.3585,0.337,0.37275
96,0.584,0.807474,0.786873,0.818388,1.04441,1.03375,1.05012,0,0,0.0492422,0.93648,0.927452,0.947267,0.729255,0.714596,0.75,0.0997419,0.0701824,0.125397,0.365,0.33875,0.386
97,0.588,0.810407,0.789714,0.821395,1.04506,1.03703,1.06141,0,0,0.0217834,0.940765,0.92783,0.952024,0.732172,0.717454,0.753,0.0909259,0.0709691,0.126638,0.365,0.3475,0.3865
98,0.592,0.813375,0.792571,0.824407,1.0508,1.04545,1.05872,0.00215517,0,0.0505075,0.943249,0.935412,0.954462,0.7351,0.720324,0.756012,0.0876798,0.0557086,0.136128,0.36275,0.339,0.38925
99,0.596,0.816348,0.79543,0.827442,1.05444,1.04617,1.06767,0,0,0.0343081,0.944565,0.931393,0.958103,0.738041,0.723205,0.759036,0.085614,0.0620347,0.132446,0.362,0.34525,0.3855
100,0.6,0.819338,0.798309,0.83047,1.06521,1.06,1.06845,0,0,0.0331192,0.954184,0.940237,0.963126,0.740993,0.726098,0.762072,0.089722,0.0683767,0.137602,0.3675,0.349,0.3975
101,0.604,0.822325,0.801183,0.833527,1.06727,1.05471,1.07727,0,0,0.065453,0.956256,0.948457,0.9684,0.743957,0.729002,0.76512,0.0996596,0.0726171,0.122497,0.3685,0.343,0.3825
102,0.608,0.825324,0.804071,0.836585,1.07129,1.05957,1.07668,0.0144747,0,0.0327399,0.952754,0.943987,0.968369,0.746933,0.731918,0.768181,0.0990206,0.0706124,0.123648,0.367,0.34575,0.38275
103,0.612,0.828346,0.806983,0.839668,1.07622,1.06621,1.08937,0.00336022,0,0.0311103,0.961409,0.950344,0.973825,0.749921,0.734846,0.771254,0.0923481,0.0588606,0.125947,0.3695,0.3505,0.388
104,0.616,0.831367,0.809905,0.842747,1.08072,1.07088,1.08789,0,0,0.0363413,0.963083,0.95488,0.97571,0.75292,0.737785,0.774339,0.091478,0.0680183,0.127961,0.3695,0.34925,0.38675
105,0.62,0.834408,0.812823,0.845844,1.08734,1.07969,1.09458,0,0,0.0122353,0.968504,0.956029,0.981608,0.755932,0.740737,0.777436,0.0993308,0.0614349,0.119781,0.3705,0.35375,0.39425
106,0.624,0.837456,0.815744,0.848932,1.09462,1.08014,1.10184,0.00391939,0,0.0256587,0.970422,0.96343,0.979584,0.758956,0.743699,0.780546,0.100148,0.0611154,0.125276,0.37275,0.35075,0.397
107,0.628,0.840495,0.818683,0.852044,1.0976,1.09111,1.10909,0,0,0.0350058,0.976724,0.967204,0.98268,0.761991,0.746674,0.783668,0.0981832,0.0640381,0.143651,0.3805,0.35375,0.398
108,0.632,0.843559,0.821622,0.855168,1.1024,1.09439,1.10924,0.0018808,0,0.0397542,0.979033,0.9716,0.989957,0.765039,0.749661,0.786802,0.0951658,0.066911,0.12756,0.37875,0.35175,0.39525
109,0.636,0.846621,0.824582,0.85831,1.10953,1.0938,1.11653,0.00282486,0,0.0254201,0.983646,0.968803,0.992401,0.7681,0.75266,0.78995,0.0870449,0.0688524,0.121122,0.3775,0.35775,0.38925
110,0.64,0.849694,0.827563,0.861461,1.11377,1.09715,1.12392,0.00132979,0,0.0328202,0.990327,0.974126,0.999597,0.771172,0.75567,0.79311,0.107471,0.0641601,0.132194,0.37525,0.36,0.394
111,0.644,0.852784,0.830554,0.864609,1.11642,1.1011,1.12513,0.00720025,0,0.0322481,0.987547,0.97898,0.997077,0.774257,0.758693,0.796282,0.0891784,0.0617193,0.127411,0.37325,0.358,0.39225
112,0.648,0.855887,0.833557,0.867776,1.1201,1.11192,1.13167,0.00571675,0,0.0247266,0.996814,0.983258,1.00505,0.777354,0.761728,0.799467,0.0933805,0.0648531,0.124068,0.3805,0.35125,0.39275
113,0.652,0.859006,0.836561,0.870953,1.12568,1.11921,1.13492,0,0,0.0235387,0.994336,0.98157,1.00469,0.780463,0.764775,0.802665,0.0897012,0.0660899,0.124999,0.37375,0.35425,0.39625
114,0.656,0.86214,0.839573,0.874143,1.13072,1.11841,1.14126,0,0,0.0308182,0.999923,0.985968,1.00967,0.783585,0.767834,0.805876,0.0946959,0.06529,0.129063,0.3755,0.35325,0.39825
115,0.66,0.865285,0.842592,0.877341,1.13463,1.12348,1.14031,0,0,0.0367693,1.00125,0.98979,1.0093,0.786719,0.770905,0.809099,0.100196,0.0537001,0.117817,0.37875,0.35275,0.39725
116,0.664,0.868429,0.845633,0.880564,1.14203,1.12718,1.15207,0,0,0.0354433,1.00395,0.997715,1.01596,0.789866,0.773989,0.812336,0.0864123,0.0727009,0.124635,0.375,0.3585,0.39525
117,0.668,0.871587,0.848684,0.883784,1.15032,1.13505,1.15808,0,0,0.0207638,1.00993,1.00056,1.02763,0.793026,0.777085,0.815585,0.0967644,0.0749545,0.13018,0.3825,0.3635,0.4025
118,0.672,0.874766,0.851739,0.887013,1.15112,1.13645,1.16274,0.000673854,0,0.0414947,1.01036,1.00146,1.02416,0.796198,0.780193,0.818847,0.076964,0.0621921,0.115496,0.37725,0.3565,0.408
119,0.676,0.877948,0.854815,0.890258,1.15897,1.14579,1.16677,0,0,0.0322694,1.01587,1.01042,1.03011,0.799382,0.783314,0.822123,0.105319,0.045074,0.133975,0.37875,0.36,0.40075
120,0.68,0.881144,0.857882,0.89352,1.16344,1.14624,1.17423,0.0027414,0,0.0242795,1.01965,1.00708,1.02616,0.80258,0.786447,0.825411,0.0971095,0.0653208,0.115559,0.38075,0.36025,0.39925
121,0.684,0.884341,0.860978,0.896784,1.16721,1.15572,1.17564,0,0,0.0359478,1.02314,1.01565,1.03253,0.80579,0.789593,0.828713,0.0954684,0.0668246,0.118883,0.3845,0.36075,0.40175
122,0.688,0.887569,0.864082,0.900073,1.17442,1.16187,1.18159,0,0,0.0324243,1.02107,1.01265,1.02761,0.809014,0.792751,0.832028,0.0796238,0.0426622,0.126123,0.385,0.3625,0.407
123,0.692,0.890793,0.86718,0.903367,1.18093,1.16543,1.18604,0.000689655,0,0.032481,1.02834,1.02362,1.03937,0.81225,0.795922,0.835356,0.0910197,0.0488698,0.120979,0.3795,0.3605,0.40525
124,0.696,0.894041,0.870293,0.906676,1.18751,1.17694,1.19557,0,0,0.0106166,1.03529,1.02644,1.05661,0.815499,0.799106,0.838697,0.0855662,0.0640963,0.125416,0.38975,0.37125,0.4105
125,0.7,0.897286,0.87342,0.909982,1.18896,1.18061,1.19922,0.0118936,0,0.0281704,1.03791,1.02873,1.04837,0.818761,0.802302,0.842052,0.0851151,0.0572098,0.124697,0.38525,0.3675,0.409
126,0.704,0.900556,0.876561,0.913308,1.19809,1.1807,1.20194,0.00454537,0,0.0216834,1.04081,1.03169,1.05621,0.822036,0.805511,0.84542,0.0908121,0.0433484,0.135758,0.38,0.37,0.408
127,0.708,0.903839,0.879706,0.916638,1.19811,1.19137,1.20902,0,0,0.0396484,1.04366,1.03401,1.05818,0.825324,0.808734,0.848802,0.0832708,0.0570666,0.132288,0.38825,0.36275,0.41275
128,0.712,0.907128,0.882861,0.919989,1.2061,1.18833,1.21476,0.00186567,0,0.0258977,1.04709,1.03546,1.05748,0.828625,0.811968,0.852197,0.091187,0.0458992,0.124117,0.38675,0.3635,0.415
129,0.716,0.910418,0.886036,0.923355,1.20958,1.19723,1.21891,0,0,0.0214839,1.0544,1.04226,1.0633,0.83194,0.815216,0.855606,0.0861964,0.0487664,0.139207,0.3855,0.368,0.40725
130,0.72,0.913732,0.889221,0.926733,1.21365,1.20004,1.22562,0.00270668,0,0.0288116,1.05301,1.04024,1.06037,0.835267,0.818477,0.859028,0.0821263,0.0526372,0.115415,0.388,0.36125,0.40425
131,0.724,0.91706,0.892408,0.930133,1.21997,1.20728,1.22836,0,0,0.0248225,1.05892,1.04888,1.06745,0.838608,0.821751,0.862464,0.0746897,0.0568964,0.117697,0.393,0.374,0.40425
132,0.728,0.920394,0.895619,0.933524,1.22757,1.21268,1.23463,0,0,0.0207103,1.06587,1.05502,1.07921,0.841963,0.825038,0.865914,0.0909546,0.0508283,0.117821,0.39425,0.3715,0.4075
133,0.732,0.923734,0.898841,0.936936,1.231,1.21775,1.2421,0.00254256,0,0.022572,1.06649,1.05819,1.0753,0.845331,0.828338,0.869378,0.0799389,0.0436014,0.117868,0.38975,0.371,0.40825
134,0.736,0.927095,0.902078,0.940363,1.23704,1.22518,1.24934,0,0,0.0153864,1.06902,1.05837,1.07958,0.848712,0.831652,0.872855,0.087319,0.0662009,0.10887,0.39075,0.3715,0.41175
135,0.74,0.930466,0.905322,0.943791,1.24042,1.23215,1.252,0,0,0.0256466,1.07719,1.06702,1.08434,0.852107,0.834978,0.876347,0.0926097,0.0506963,0.115511,0.39125,0.372,0.412
136,0.744,0.933843,0.908573,0.947236,1.2483,1.23525,1.25552,0,0,0.0146329,1.07995,1.06779,1.08756,0.855515,0.838318,0.879852,0.0791889,0.0497656,0.128613,0.3935,0.36975,0.41375
137,0.748,0.937234,0.911836,0.950695,1.25678,1.23971,1.26266,0,0,0.0158119,1.08155,1.07476,1.08698,0.858937,0.841671,0.883372,0.0820536,0.0459033,0.121214,0.3965,0.37575,0.4135
138,0.752,0.940621,0.915114,0.954164,1.26073,1.2459,1.26843,0,0,0.0250785,1.08138,1.07378,1.09437,0.862373,0.845038,0.886905,0.0820017,0.0640366,0.112931,0.3955,0.37425,0.416
139,0.756,0.944038,0.9184,0.95765,1.26688,1.2549,1.27591,0.000608273,0,0.0160228,1.0827,1.07811,1.09473,0.865823,0.848418,0.890453,0.0885693,0.058977,0.125784,0.39575,0.37175,0.41775
140,0.76,0.947464,0.921692,0.961153,1.27062,1.25778,1.27743,0,0,0.027973,1.0906,1.08093,1.10265,0.869286,0.851812,0.894014,0.0866518,0.0470095,0.125997,0.39875,0.37275,0.41525
141,0.764,0.9509,0.925004,0.964662,1.27463,1.25971,1.28735,0,0,0.0208435,1.09418,1.08246,1.10584,0.872763,0.855219,0.897591,0.0825736,0.0488302,0.118707,0.39575,0.3725,0.4145
142,0.768,0.954357,0.928324,0.968191,1.28331,1.27024,1.2924,0,0,0.0186776,1.09755,1.08575,1.10424,0.876254,0.85864,0.901181,0.0842415,0.0371234,0.132764,0.39625,0.38,0.41975
143,0.772,0.957827,0.93165,0.97172,1.28778,1.27259,1.29872,0,0,0.0265089,1.0979,1.08902,1.11018,0.879759,0.862075,0.904786,0.0763529,0.0520101,0.119895,0.39475,0.377,0.41375
144,0.776,0.961302,0.93499,0.97527,1.29408,1.27734,1.30351,0,0,0.0220507,1.10491,1.09693,1.11384,0.883278,0.865523,0.908405,0.0857145,0.0349979,0.122463,0.403,0.3795,0.41525
145,0.78,0.96479,0.938357,0.978832,1.30171,1.2851,1.30817,0.00130719,0,0.0147796,1.11219,1.10007,1.11983,0.886811,0.868985,0.912038,0.0848281,0.0526232,0.127761,0.3985,0.37975,0.421
146,0.784,0.968287,0.941731,0.982401,1.30463,1.29027,1.31426,0.00355876,0,0.0238543,1.11061,1.10286,1.12374,0.890358,0.872461,0.915687,0.0687685,0.0482804,0.135588,0.399,0.3755,0.4195
147,0.788,0.97179,0.945116,0.985995,1.30809,1.29906,1.32215,0.00191571,0,0.019314,1.11232,1.10389,1.12624,0.89392,0.875951,0.919349,0.0845063,0.0575979,0.110991,0.4025,0.37825,0.42275
148,0.792,0.97532,0.948499,0.9896,1.31857,1.30098,1.32694,0,0,0.0170246,1.11879,1.11367,1.12921,0.897496,0.879455,0.923027,0.0837801,0.0526633,0.119525,0.406,0.38275,0.421
149,0.796,0.978854,0.951906,0.993206,1.3247,1.30639,1.33091,0.0030303,0,0.0244406,1.12107,1.10864,1.13764,0.901086,0.882972,0.926719,0.0773643,0.045195,0.123581,0.3945,0.38275,0.42225
150,0.8,0.982416,0.955334,0.996826,1.32664,1.31157,1.33564,0.00305688,0,0.0193594,1.12781,1.11164,1.13665,0.90469,0.886504,0.930426,0.0907385,0.0599843,0.109919,0.4015,0.3795,0.41925
151,0.804,0.985973,0.958776,1.00046,1.33153,1.31994,1.34413,0,0,0.0161435,1.12868,1.11673,1.14073,0.908309,0.89005,0.934147,0.0805077,0.0378113,0.119113,0.40125,0.38,0.423
152,0.808,0.989555,0.962219,1.00412,1.33646,1.32334,1.34994,0.00118624,0,0.00953179,1.12996,1.12286,1.13904,0.911942,0.893611,0.937884,0.0710741,0.0413794,0.111499,0.4015,0.379,0.4245
153,0.812,0.99315,0.965682,1.00779,1.34367,1.33257,1.351,0,0,0.0163176,1.13531,1.12656,1.14628,0.91559,0.897185,0.941635,0.0795043,0.0460314,0.107462,0.395,0.38125,0.4265
154,0.816,0.996758,0.969149,1.01147,1.35361,1.33473,1.35912,0,0,0.0129958,1.13484,1.12242,1.14603,0.919252,0.900774,0.945402,0.0755485,0.0499396,0.130112,0.40475,0.38425,0.423
155,0.82,1.00037,0.972627,1.01515,1.36013,1.34306,1.36832,0,0,0.0161354,1.14478,1.13836,1.15825,0.922929,0.904377,0.949184,0.0756412,0.0229905,0.123047,0.405,0.3845,0.42775
156,0.824,1.004,0.976112,1.01884,1.36269,1.35205,1.37328,0,0,0.0211888,1.14216,1.13613,1.15279,0.926621,0.907994,0.95298,0.072073,0.0425612,0.106097,0.40625,0.38475,0.42475
157,0.828,1.00764,0.979607,1.02256,1.36621,1.35432,1.37993,0.00065445,0,0.0164901,1.15075,1.13667,1.15844,0.930327,0.911626,0.956792,0.0710156,0.0300356,0.0983756,0.40775,0.3845,0.4235
158,0.832,1.0113,0.983121,1.02629,1.37133,1.35706,1.38338,0.00503087,0,0.014683,1.1561,1.14057,1.16587,0.934049,0.915273,0.960619,0.0787449,0.0396848,0.124015,0.4055,0.384,0.4225
159,0.836,1.01497,0.986664,1.03005,1.3759,1.3661,1.39205,0,0,0.0213452,1.1556,1.14629,1.1636,0.937785,0.918934,0.964462,0.0782464,0.0182285,0.116714,0.39925,0.3835,0.42525
160,0.84,1.01866,0.990208,1.03381,1.38472,1.37243,1.40025,0,0,0.00894116,1.1565,1.14727,1.16661,0.941536,0.92261,0.96832,0.0723637,0.0321814,0.106548,0.40625,0.38225,0.428
161,0.844,1.02236,0.993756,1.03758,1.38939,1.37741,1.40066,0.00182972,0,0.0166899,1.16207,1.15441,1.17152,0.945302,0.9263,0.972193,0.0732078,0.025458,0.119478,0.406,0.38525,0.42575
162,0.848,1.02607,0.997325,1.04138,1.39821,1.38201,1.40536,0.000640205,0,0.0199281,1.16582,1.15486,1.17566,0.949083,0.930005,0.976082,0.0728718,0.0291894,0.094424,0.405,0.3855,0.427
163,0.852,1.0298,1.00091,1.04517,1.40386,1.3897,1.41306,0,0,0.0135152,1.16969,1.16141,1.17704,0.95288,0.933725,0.979986,0.073452,0.0298188,0.105578,0.4055,0.38375,0.4285
164,0.856,1.03353,1.00449,1.04899,1.41021,1.39285,1.41859,0.00379799,0,0.0163096,1.17546,1.16464,1.18091,0.956691,0.93746,0.983906,0.0666897,0.0260499,0.104652,0.405,0.387,0.426
165,0.86,1.03728,1.00809,1.05282,1.41452,1.39971,1.42291,0,0,0.0108811,1.17833,1.17073,1.18914,0.960518,0.94121,0.987842,0.0694736,0.0128612,0.0975894,0.4095,0.38575,0.426
166,0.864,1.04104,1.01171,1.05667,1.41778,1.4065,1.43207,0.00365171,0,0.0150396,1.18264,1.17298,1.19352,0.96436,0.944975,0.991793,0.0774764,0.0318635,0.0990551,0.40275,0.3855,0.427
167,0.868,1.04482,1.01535,1.06052,1.42856,1.41417,1.44045,0,0,0.00944728,1.18565,1.17673,1.19715,0.968217,0.948755,0.99576,0.0722442,0.0223619,0.101052,0.40825,0.38875,0.43075
168,0.872,1.04861,1.01899,1.06439,1.42983,1.41969,1.44104,0.0106926,0,0.0234188,1.1865,1.17674,1.20132,0.97209,0.95255,0.999743,0.0650363,0.00969322,0.0989947,0.40875,0.384,0.43175
169,0.876,1.05242,1.02264,1.06828,1.44133,1.42291,1.44708,0,0,0.0153106,1.18904,1.18491,1.2006,0.975979,0.95636,1.00374,0.0439871,0,0.0828668,0.41175,0.38925,0.4275
170,0.88,1.05624,1.02631,1.07218,1.44513,1.42981,1.45297,0,0,0.0127265,1.19522,1.18607,1.20096,0.979882,0.960185,1.00776,0.0698386,0.0234297,0.0948294,0.41325,0.3885,0.42975
171,0.884,1.06008,1.02999,1.07609,1.44993,1.43456,1.45922,0,0,0.0107664,1.20128,1.18951,1.21168,0.983802,0.964026,1.01179,0.0464802,0.0301369,0.105219,0.4065,0.389,0.431
172,0.888,1.06393,1.03369,1.08002,1.45863,1.44381,1.46638,0.00303517,0,0.0190812,1.20356,1.19355,1.21251,0.987737,0.967882,1.01584,0.0650149,0.0319368,0.109015,0.4085,0.39075,0.4305
173,0.892,1.06779,1.0374,1.08396,1.4602,1.44836,1.47211,0.00416216,0,0.0227014,1.20219,1.19393,1.21733,0.991688,0.971754,1.0199,0.0537173,0.0299143,0.109674,0.4055,0.387,0.428
174,0.896,1.07167,1.04113,1.08792,1.46563,1.45402,1.47738,0,0,0.00817572,1.20768,1.19546,1.21988,0.995655,0.975641,1.02398,0.0606533,0.02797,0.0907135,0.409,0.38775,0.4265
175,0.9,1.07557,1.04488,1.0919,1.47597,1.45902,1.48457,0.00484364,0,0.018895,1.21545,1.20311,1.22529,0.999638,0.979543,1.02807,0.0492334,0.0130293,0.094969,0.4045,0.3905,0.4295
176,0.904,1.07948,1.04864,1.09588,1.48235,1.46655,1.49464,0,0,0.0066569,1.21657,1.21125,1.22161,1.00364,0.983462,1.03219,0.0634356,0.0387245,0.0890507,0.41025,0.3915,0.42875
177,0.908,1.08341,1.0524,1.09988,1.48735,1.47043,1.50113,0.0017805,0,0.014805,1.22341,1.2085,1.23133,1.00765,0.987395,1.03632,0.0502099,0.0139806,0.0914642,0.40675,0.389,0.429
178,0.912,1.08735,1.05618,1.10388,1.49474,1.47733,1.50588,0,0,0.0107476,1.22403,1.21068,1.23245,1.01168,0.991345,1.04046,0.0620706,0.0188217,0.106074,0.41075,0.388,0.4295
179,0.916,1.0913,1.05998,1.10791,1.49735,1.48516,1.51161,0.00249027,0,0.0144067,1.22613,1.21659,1.23922,1.01573,0.99531,1.04462,0.048911,0.0154358,0.0902475,0.4125,0.3905,0.4285
180,0.92,1.09526,1.06379,1.11196,1.50441,1.48936,1.51637,0.00303063,0,0.0183531,1.2266,1.21792,1.24155,1.01979,0.999292,1.0488,0.0542593,0,0.0748342,0.4095,0.39175,0.4315
181,0.924,1.09925,1.06762,1.11601,1.51285,1.4978,1.5248,0,0,0.014159,1.23524,1.22412,1.24599,1.02387,1.00329,1.053,0.0427389,0.0054576,0.0760808,0.41125,0.391,0.43325
182,0.928,1.10325,1.07145,1.12008,1.51825,1.50044,1.53028,0.00750867,0,0.018421,1.24047,1.23148,1.25005,1.02797,1.0073,1.05721,0.0592626,0.0105867,0.0822162,0.40875,0.39,0.4335
183,0.932,1.10727,1.0753,1.12417,1.52518,1.50627,1.53717,0,0,0.0115084,1.23442,1.22197,1.24854,1.03208,1.01133,1.06144,0.0449625,0.0036645,0.0860689,0.414,0.3895,0.42925
184,0.936,1.11129,1.07918,1.12828,1.53141,1.51387,1.54291,0,0,0.014908,1.24553,1.23349,1.25506,1.03621,1.01538,1.06568,0.0306487,0,0.0738824,0.40875,0.394,0.43075
185,0.94,1.11533,1.08307,1.13239,1.53481,1.51804,1.5529,0.00311956,0,0.0187098,1.24549,1.23416,1.25867,1.04035,1.01944,1.06995,0.0448469,0.00123052,0.0776234,0.4115,0.39325,0.42725
186,0.944,1.1194,1.08697,1.13652,1.54261,1.52715,1.55361,0,0,0.018055,1.24941,1.23546,1.2572,1.04451,1.02352,1.07423,0.0411735,0.0198543,0.0887956,0.41025,0.3915,0.42925
187,0.948,1.12347,1.09088,1.14067,1.5542,1.53243,1.56346,0,0,0.0124006,1.25682,1.24444,1.26332,1.04869,1.02761,1.07852,0.0430588,0.0228959,0.0661753,0.4085,0.394,0.433
188,0.952,1.12757,1.09481,1.14482,1.55755,1.53697,1.57432,0.000636132,0,0.0185033,1.2603,1.25081,1.27084,1.05288,1.03172,1.08284,0.0442883,0.00248344,0.0876856,0.4155,0.39575,0.43075
189,0.956,1.13166,1.09876,1.149,1.56192,1.54759,1.57662,0.00476801,0,0.0195,1.2624,1.24661,1.26925,1.0571,1.03585,1.08717,0.0468933,0,0.0774452,0.4125,0.396,0.43025
190,0.96,1.13578,1.10271,1.1532,1.56893,1.55437,1.58231,0.00116414,0,0.0100985,1.26406,1.25098,1.27699,1.06132,1.03999,1.09152,0.0369427,0,0.0762897,0.4105,0.40025,0.43075
191,0.964,1.13991,1.10668,1.15739,1.57603,1.55895,1.59015,0.000615764,0,0.0238739,1.26931,1.26,1.27958,1.06557,1.04415,1.09588,0.0387261,0.00621391,0.0721593,0.40875,0.39325,0.43325
192,0.968,1.14406,1.11067,1.16162,1.58621,1.56604,1.5959,0,0,0.0108319,1.27302,1.26392,1.28306,1.06983,1.04833,1.10027,0.0313459,0,0.0798066,0.41825,0.39675,0.431
193,0.972,1.14821,1.11467,1.16585,1.59062,1.57193,1.60085,0.00116144,0,0.0357544,1.27782,1.2705,1.28652,1.07411,1.05252,1.10467,0.0360585,0.0159822,0.0660925,0.40975,0.3935,0.433
194,0.976,1.15239,1.11866,1.1701,1.59658,1.57619,1.61397,0.00244204,0,0.0110257,1.27782,1.26412,1.28792,1.07841,1.05673,1.10909,0.0257555,0,0.0710001,0.415,0.39875,0.43175
195,0.98,1.15659,1.1227,1.17432,1.60264,1.58163,1.61546,0.00058548,0,0.0276418,1.28354,1.27618,1.29144,1.08272,1.06096,1.11352,0.0217296,0,0.0641788,0.4155,0.39325,0.4285
196,0.984,1.1608,1.12675,1.17861,1.60735,1.58933,1.62099,0,0,0.0253953,1.28869,1.28118,1.29875,1.08705,1.0652,1.11798,0.0314459,0,0.0635744,0.41275,0.3955,0.43125
197,0.988,1.16502,1.13081,1.18292,1.61549,1.59674,1.63775,0,0,0.00842669,1.28813,1.27981,1.30002,1.0914,1.06946,1.12245,0.0175422,0,0.0616495,0.415,0.40175,0.43125
198,0.992,1.16923,1.13489,1.1872,1.62512,1.60168,1.64217,0,0,0.0329974,1.29177,1.28444,1.29881,1.09577,1.07374,1.12694,0.0217516,0,0.075072,0.41875,0.40175,0.43
199,0.996,1.17347,1.13898,1.19154,1.62588,1.61172,1.64396,0.00177242,0,0.0316226,1.29554,1.28453,1.30589,1.10015,1.07803,1.13145,0.0223246,0,0.0538199,0.409,0.40025,0.43325
200,1,1.17774,1.14309,1.19587,1.63932,1.61945,1.65885,0,0,0.0128047,1.29618,1.28673,1.31084,1.10455,1.08235,1.13597,0.0145204,0,0.061024,0.42075,0.39825,0.43775
201,1.004,1.18202,1.14721,1.2002,1.64276,1.62204,1.66122,0,0,0.0334982,1.30334,1.29284,1.31245,1.10897,1.08668,1.14052,0.0156595,0,0.0665686,0.41575,0.39725,0.43175
202,1.008,1.18632,1.15135,1.20458,1.64677,1.62601,1.66134,0,0,0.0340946,1.30667,1.29839,1.31538,1.1134,1.09102,1.14508,0.022653,0,0.0600054,0.41025,0.3995,0.4325
203,1.012,1.19064,1.15551,1.20898,1.65436,1.63426,1.6757,0,0,0.0142705,1.31171,1.29767,1.32262,1.11786,1.09539,1.14966,0.0129684,0,0.0436529,0.4145,0.40225,0.42975
204,1.016,1.19498,1.15969,1.21337,1.66542,1.64004,1.68266,0,0,0.00591383,1.31824,1.3099,1.32395,1.12233,1.09977,1.15426,0.0240533,0,0.0565397,0.41825,0.40925,0.432
205,1.02,1.19933,1.16388,1.21777,1.67155,1.64935,1.68476,0.00121655,0,0.0372082,1.32068,1.31135,1.32446,1.12682,1.10417,1.15887,0.00598526,0,0.0532526,0.42,0.401,0.4315
206,1.024,1.20369,1.16808,1.2222,1.67403,1.65824,1.6936,0.00300816,0,0.0291982,1.3201,1.30816,1.32908,1.13133,1.10858,1.16351,0.0137606,0,0.0558302,0.41575,0.4015,0.43275
207,1.028,1.20808,1.17229,1.22664,1.68957,1.65977,1.69656,0.000576037,0,0.0194671,1.32402,1.31712,1.33272,1.13585,1.11302,1.16816,0.0135139,0,0.0533052,0.419,0.40525,0.433
208,1.032,1.21245,1.17653,1.23111,1.68966,1.66743,1.70539,0.00116218,0,0.0304492,1.32375,1.3139,1.33398,1.14039,1.11747,1.17284,0.0128163,0,0.0465724,0.41725,0.4,0.431
209,1.036,1.21686,1.18078,1.23561,1.70201,1.67337,1.72602,0,0,0.00822568,1.32795,1.3188,1.33967,1.14496,1.12194,1.17753,0,0,0.0474971,0.423,0.41025,0.4335
210,1.04,1.22128,1.18505,1.24007,1.70547,1.68491,1.72598,0.0046338,0,0.0474992,1.33793,1.32554,1.34375,1.14954,1.12643,1.18224,0.00729879,0,0.044915,0.42225,0.4,0.4345
211,1.044,1.22572,1.18932,1.24456,1.71164,1.69073,1.73248,0,0,0.0298576,1.33548,1.32587,1.34402,1.15413,1.13093,1.18697,0.00125733,0,0.035987,0.41875,0.407,0.433
212,1.048,1.23019,1.19362,1.24907,1.71539,1.69533,1.74354,0,0,0.0290446,1.33971,1.3329,1.34572,1.15875,1.13546,1.19171,0.00374008,0,0.0408026,0.42,0.4015,0.43275
213,1.052,1.23466,1.19794,1.2536,1.7288,1.7053,1.75234,0,0,0.0193737,1.3458,1.33465,1.35666,1.16339,1.14,1.19648,0,0,0.056747,0.422,0.409,0.433
214,1.056,1.23916,1.20226,1.25817,1.73396,1.70759,1.75876,0.00348272,0,0.0375944,1.35185,1.34212,1.36035,1.16804,1.14456,1.20127,0.00416748,0,0.0342036,0.41925,0.407,0.43225
215,1.06,1.24367,1.20661,1.26273,1.74503,1.71511,1.77733,0,0,0.0239808,1.35427,1.33941,1.36176,1.17271,1.14914,1.20607,0,0,0.0423864,0.42975,0.407,0.43625
216,1.064,1.24818,1.21098,1.26731,1.75261,1.72516,1.78121,0.00119296,0,0.0474713,1.36017,1.34947,1.36907,1.1774,1.15373,1.2109,0.00342366,0,0.0356296,0.42575,0.4105,0.4345
217,1.068,1.25273,1.21536,1.27188,1.75871,1.72878,1.79173,0,0,0.0128224,1.36371,1.35116,1.37563,1.18211,1.15835,1.21574,0,0,0.040151,0.42875,0.41575,0.4335
218,1.072,1.25727,1.21975,1.27646,1.76704,1.7387,1.77965,0.0107565,0,0.0464523,1.36756,1.35689,1.3759,1.18684,1.16298,1.2206,0.0026052,0,0.0249004,0.41975,0.409,0.431
219,1.076,1.26185,1.22414,1.2811,1.77552,1.74642,1.79687,0,0,0.00661058,1.36676,1.35557,1.37858,1.19159,1.16763,1.22548,0,0,0.0303783,0.424,0.41375,0.4355
220,1.08,1.26643,1.22857,1.28575,1.78109,1.74869,1.80207,0.00059312,0,0.0277255,1.3674,1.35586,1.37343,1.19635,1.17231,1.23039,0,0,0.0301705,0.42575,0.41575,0.43675
221,1.084,1.27103,1.23302,1.29041,1.80004,1.75806,1.80943,0,0,0.0253796,1.37166,1.36118,1.38238,1.20114,1.17699,1.23531,0,0,0.0302235,0.4295,0.4085,0.4365
222,1.088,1.27564,1.23748,1.29506,1.79027,1.76935,1.8355,0.00520434,0,0.0557062,1.37505,1.37075,1.3861,1.20594,1.1817,1.24025,0.00415973,0,0.0299541,0.425,0.40775,0.448
223,1.092,1.2803,1.24195,1.29978,1.80161,1.77494,1.82914,0,0,0.0526807,1.38495,1.37297,1.39548,1.21077,1.18643,1.24521,0,0,0.033837,0.42775,0.412,0.4355
224,1.096,1.28493,1.24644,1.30446,1.81609,1.78742,1.84367,0,0,0.0390331,1.3804,1.37469,1.39597,1.21561,1.19118,1.25019,0,0,0.0142122,0.42975,0.40925,0.4445
225,1.1,1.28957,1.25094,1.30919,1.82344,1.78846,1.86527,0,0,0.0441021,1.3891,1.37359,1.39578,1.22047,1.19594,1.25519,0,0,0.033271,0.4305,0.41425,0.444
226,1.104,1.29423,1.25547,1.31393,1.82866,1.79835,1.87054,0,0,0.037404,1.39384,1.38261,1.40116,1.22535,1.20072,1.26021,0,0,0.0239944,0.43325,0.41475,0.44125
227,1.108,1.29894,1.26002,1.31865,1.83606,1.80527,1.87408,0.000575374,0,0.0381116,1.39335,1.38577,1.40524,1.23026,1.20553,1.26525,0,0,0.0189287,0.431,0.418,0.43875
228,1.112,1.30367,1.26458,1.32342,1.85332,1.81092,1.88294,0,0,0.0214611,1.39981,1.3832,1.40716,1.23518,1.21035,1.27031,0,0,0.0125105,0.43375,0.41975,0.4445
229,1.116,1.30839,1.26916,1.3282,1.85722,1.82097,1.88337,0,0,0.040404,1.40233,1.39279,1.41333,1.24012,1.21519,1.2754,0,0,0.0187839,0.43375,0.4115,0.44725
230,1.12,1.31313,1.27375,1.33303,1.8581,1.82434,1.89391,0.00115608,0,0.0581249,1.40486,1.39092,1.41215,1.24508,1.22005,1.2805,0,0,0.0148716,0.43025,0.41425,0.4375
231,1.124,1.3179,1.27837,1.33784,1.8692,1.83463,1.89514,0,0,0.0188297,1.40782,1.39567,1.42068,1.25006,1.22493,1.28562,0,0,0.00842548,0.4295,0.42225,0.442
232,1.128,1.32265,1.28298,1.34269,1.87384,1.83919,1.90227,0,0,0.0451098,1.41332,1.4046,1.42166,1.25506,1.22983,1.29076,0,0,0.0181597,0.43,0.41725,0.4375
233,1.132,1.32744,1.28763,1.34754,1.89545,1.8662,1.93101,0,0,0.0165777,1.41332,1.40731,1.42975,1.26008,1.23475,1.29592,0,0,0,0.43775,0.42625,0.455
234,1.136,1.33224,1.29226,1.35236,1.90112,1.8561,1.93637,0.00693247,0,0.0329478,1.41791,1.40863,1.43064,1.26512,1.23969,1.30111,0,0,0.0117358,0.43675,0.428,0.45025
235,1.14,1.33707,1.29694,1.35725,1.90943,1.87636,1.93175,0,0,0.0362723,1.42235,1.41886,1.43244,1.27018,1.24465,1.30631,0,0,0,0.4355,0.42825,0.4475
236,1.144,1.34191,1.30161,1.36213,1.92837,1.86913,1.95799,0,0,0.0402248,1.42322,1.4173,1.43724,1.27526,1.24963,1.31154,0,0,0.00693617,0.44175,0.423,0.46025
237,1.148,1.34676,1.30632,1.36705,1.93882,1.89046,1.97581,0,0,0.0587926,1.42741,1.41757,1.43779,1.28036,1.25462,1.31678,0,0,0.0106655,0.44725,0.42675,0.467
238,1.152,1.3516,1.31104,1.37192,1.92041,1.89993,1.97054,0.0143486,0,0.0807869,1.43141,1.42178,1.44584,1.28548,1.25964,1.32205,0,0,0.00893617,0.432,0.4225,0.45625
239,1.156,1.35651,1.31576,1.37688,1.9459,1.90063,1.98898,0,0,0.0300452,1.43616,1.42966,1.4475,1.29063,1.26468,1.32734,0,0,0,0.44025,0.43375,0.45475
